exchange,market,time,kind,gate,split,entry,gross_180,gross_300,gross_460,gross_600,gross_900,gross_1200,gross_1800,mfe600,mae600
binance,LAUSDT,2026-08-19T04:09:19.269000+00:00,SINGLE_GATE_FAIL,m1_prebreakout_setup_not_ready,train,0.0554,-0.7220216606498187,-0.9025270758122761,-0.3610108303249038,-1.0830324909747224,1.8050541516245522,1.8050541516245522,2.166064981949467,0.18050541516245744,-1.0830324909747224
binance,PUMPUSDT,2026-08-19T04:09:19.269000+00:00,SINGLE_GATE_FAIL,m1_prebreakout_setup_not_ready,train,0.003022,-0.06618133686300265,0.03309066843151243,-0.06618133686300265,-0.033090668431501324,0.2647253474520328,0.03309066843151243,-0.1323626737260164,0.09927200529451508,-0.19854401058900795
binance,PROMUSDT,2026-08-19T04:09:19.270000+00:00,SINGLE_GATE_FAIL,m1_prebreakout_setup_not_ready,train,1.997,-0.20030045067601643,-1.1016524787180737,-1.1517275913870861,-1.402103154732104,-1.6024036054081092,-1.7526289434151243,-1.6024036054081092,0.20030045067600533,-1.552328492739119
binance,METUSDT,2026-08-19T04:11:43.951000+00:00,SINGLE_GATE_FAIL,m1_prebreakout_setup_not_ready,train,0.175,-0.05714285714285561,-0.05714285714285561,0.28571428571428914,0.5714285714285783,0.5714285714285783,0.17142857142857792,0.05714285714286671,0.45714285714286707,-0.22857142857142243
binance,PUMPUSDT,2026-08-19T04:12:19.712000+00:00,SINGLE_GATE_FAIL,m1_prebreakout_setup_not_ready,train,0.00302,0.06622516556291647,0.03311258278144713,0.03311258278144713,0.26490066225164366,0.13245033112583293,0.03311258278144713,-0.13245033112583293,0.16556291390728006,-0.13245033112583293
binance,PROMUSDT,2026-08-19T04:12:19.712000+00:00,SINGLE_GATE_FAIL,m1_prebreakout_setup_not_ready,train,1.997,-0.9013520280420684,-1.3520280420631026,-1.402103154732104,-1.702553830746123,-1.4521782674011052,-2.0530796194291545,-1.2518778167250888,0.0,-1.6024036054081092
binance,KAITOUSDT,2026-08-19T04:14:44.490000+00:00,SINGLE_GATE_FAIL,m1_prebreakout_setup_not_ready,train,0.3416,0.05854800936766491,0.8196721311475308,0.6440281030444917,1.1124121779859442,0.9953161592505699,0.9953161592505699,0.49765807962529607,1.1124121779859442,-0.2049180327868938
binance,PUMPUSDT,2026-08-19T04:15:55.558000+00:00,SINGLE_GATE_FAIL,m1_prebreakout_setup_not_ready,train,0.003024,-0.1984126984127088,-0.03306878306879035,0.23148148148146586,-0.09920634920635996,-0.16534391534391846,-0.1984126984127088,-0.3968253968254065,0.2645502645502562,-0.2645502645502673
binance,LAUSDT,2026-08-19T04:16:28.800000+00:00,SINGLE_GATE_FAIL,m1_prebreakout_setup_not_ready,train,0.0551,-0.5444646098003658,-0.7259528130671544,2.3593466424682408,2.722323049001796,2.3593466424682408,1.9963702359346636,2.177858439201441,3.085299455535395,-0.907441016333943
binance,EPICUSDT,2026-08-19T04:17:43.309000+00:00,SINGLE_GATE_FAIL,m1_prebreakout_setup_not_ready,train,0.362,0.08287292817679148,-0.35911602209943716,-0.8287292817679592,-1.0497237569060736,-1.1602209944751363,-1.4917127071823244,-1.6298342541436361,0.11049723756906271,-0.939226519337022
binance,LAUSDT,2026-08-19T04:19:31.585000+00:00,SINGLE_GATE_FAIL,m1_prebreakout_setup_not_ready,train,0.0549,0.7285974499089409,2.732240437158473,1.6393442622950838,2.732240437158473,2.0036429872495543,3.0965391621129434,2.9143897996357193,3.642987249544638,-0.5464480874316835
binance,PUMPUSDT,2026-08-19T04:19:31.585000+00:00,SINGLE_GATE_FAIL,m1_prebreakout_setup_not_ready,train,0.003018,0.3313452617627499,0.3976143141153132,0.19880715705766772,0.16567263088138606,0.0662690523525633,0.0,-0.0662690523525411,0.46388336646785433,-0.0662690523525411
binance,KAITOUSDT,2026-08-19T04:19:31.585000+00:00,SINGLE_GATE_FAIL,m1_prebreakout_setup_not_ready,train,0.3436,0.05820721769498327,0.5238649592549383,0.3201396973224746,0.4074505238649495,0.4074505238649495,0.029103608847491635,0.14551804423748038,0.5820721769499437,-0.17462165308498312
binance,AEVOUSDT,2026-08-19T04:19:31.585000+00:00,SINGLE_GATE_FAIL,m1_prebreakout_setup_not_ready,train,0.02096,0.04770992366411875,0.04770992366411875,0.23854961832061594,0.04770992366411875,1.3358778625954137,1.6221374045801484,1.8606870229007644,0.33396946564885344,-0.1908396946564861
binance,METUSDT,2026-08-19T04:20:40.567000+00:00,SINGLE_GATE_FAIL,m1_prebreakout_setup_not_ready,train,0.1755,0.2279202279202419,0.2279202279202419,-0.11396011396009875,-0.11396011396009875,-0.056980056980049376,-0.056980056980049376,-0.056980056980049376,0.39886039886041225,-0.2279202279202197
binance,SOXSBUSDT,2026-08-19T04:21:55.496000+00:00,SINGLE_GATE_FAIL,m1_prebreakout_setup_not_ready,train,44.89,-0.022276676319887834,-0.022276676319887834,-0.022276676319887834,0.913343729115601,0.5346402316774412,0.8242370238360275,1.5593673423925258,0.49008687903764336,-0.04455335263979787
binance,PUMPUSDT,2026-08-19T04:22:31.882000+00:00,SINGLE_GATE_FAIL,m1_prebreakout_setup_not_ready,train,0.003024,-0.09920634920635996,0.0,-0.16534391534391846,-0.09920634920635996,-0.3968253968254065,-0.2645502645502673,-0.09920634920635996,0.2645502645502562,-0.36375661375661617
binance,KAITOUSDT,2026-08-19T04:23:06.353000+00:00,SINGLE_GATE_FAIL,m1_prebreakout_setup_not_ready,train,0.3437,0.4364271166715117,0.14547570555716316,0.6400931044515445,0.4364271166715117,0.11638056444573941,-0.23276112889147882,0.26185627000290257,0.7273785277858602,-0.0581902822228586
binance,LAUSDT,2026-08-19T04:23:44.035000+00:00,SINGLE_GATE_FAIL,m1_prebreakout_setup_not_ready,train,0.0553,2.3508137432187937,0.9041591320072317,1.9891500904159143,1.6274864376130127,2.169981916817365,1.9891500904159143,1.446654611211562,2.893309222423146,0.0
binance,AEVOUSDT,2026-08-19T04:23:44.035000+00:00,SINGLE_GATE_FAIL,m1_prebreakout_setup_not_ready,train,0.02097,-0.04768717215068996,0.19074868860278205,0.4768717215069218,0.8106819265617515,1.573676680972813,1.3829279923700533,1.573676680972813,0.5722460658083017,-0.09537434430137992
binance,SOXSBUSDT,2026-08-19T04:25:34.572000+00:00,SINGLE_GATE_FAIL,m1_prebreakout_setup_not_ready,train,44.88,0.0,0.5124777183600715,0.6907308377896548,0.5793226381461736,0.6238859180035528,1.2032085561497263,1.8048128342245784,0.9358288770053402,0.0
binance,PUMPUSDT,2026-08-19T04:25:34.572000+00:00,SINGLE_GATE_FAIL,lob_pattern_blocked_momentum_continuation,train,0.003031,-0.2639392939623786,-0.395908940943579,-0.395908940943579,-0.42890135268888185,-0.4618937644341736,-0.6268558231606658,-0.2639392939623786,0.032992411745302874,-0.5938634114153629
binance,PUMPUSDT,2026-08-19T04:26:07.112000+00:00,BUY,,train,0.003022,0.03309066843151243,-0.1323626737260164,-0.09927200529450397,-0.19854401058900795,-0.19854401058900795,-0.2647253474520106,0.06618133686300265,0.1323626737260053,-0.2978160158835119
binance_futures,PUMPUSDT,2026-08-19T04:26:07.657032+00:00,BUY,,train,0.003018,0.0662690523525633,-0.0662690523525411,-0.0662690523525411,-0.1325381047050933,-0.1325381047050933,-0.1988071570576566,0.1325381047051044,0.16567263088138606,-0.2650762094101977
binance,LAUSDT,2026-08-19T04:26:44.676000+00:00,SINGLE_GATE_FAIL,m1_prebreakout_setup_not_ready,train,0.0567,-0.5291005291005346,-0.5291005291005346,-1.2345679012345623,-0.881834215167554,-0.17636684303351524,-0.7054673721340388,-2.1164021164021163,0.3527336860670083,-1.763668430335097
binance,AEVOUSDT,2026-08-19T04:26:44.676000+00:00,SINGLE_GATE_FAIL,m1_prebreakout_setup_not_ready,train,0.02101,-0.19038553069967712,0.2855782960494935,1.0947168015230657,1.2375059495478347,1.5706806282722585,2.1418372203712455,1.3802950975725814,1.2375059495478347,-0.2379819133745853
binance,KAITOUSDT,2026-08-19T04:27:15.781000+00:00,SINGLE_GATE_FAIL,m1_prebreakout_setup_not_ready,train,0.3452,0.2027809965237548,0.2317497103128563,-0.057937427578225176,-0.6373117033603659,-0.8111239860950192,-0.5504055619930504,-0.2027809965237659,0.28968713789108147,-0.5214368482039489
binance,PUMPUSDT,2026-08-19T04:27:15.781000+00:00,SINGLE_GATE_FAIL,m1_prebreakout_setup_not_ready,train,0.003026,-0.23132848645076587,-0.16523463317912324,-0.198281559814939,-0.46265697290152064,-0.33046926635822427,-0.33046926635822427,-0.13218770654329637,0.0,-0.42961004626569377
binance,HEIUSDT,2026-08-19T04:29:07.665000+00:00,SINGLE_GATE_FAIL,m1_prebreakout_setup_not_ready,train,0.1376,0.29069767441860517,1.0174418604651292,0.43604651162789665,-0.3633720930232509,-0.5087209302325646,-0.5087209302325646,-1.744186046511642,1.3081395348837122,-0.5087209302325646
binance,LAUSDT,2026-08-19T04:30:19.307000+00:00,SINGLE_GATE_FAIL,m1_prebreakout_setup_not_ready,train,0.0564,-0.35460992907800915,-0.7092198581560294,-0.35460992907800915,0.35460992907800915,0.5319148936170137,-0.17730496453900457,-1.241134751773043,0.5319148936170137,-0.886524822695034
binance,PUMPUSDT,2026-08-19T04:30:19.307000+00:00,SINGLE_GATE_FAIL,m1_prebreakout_setup_not_ready,train,0.003022,-0.09927200529450397,-0.1323626737260164,-0.33090668431502435,-0.16545334215750662,-0.33090668431502435,-0.09927200529450397,-0.1323626737260164,0.06618133686300265,-0.33090668431502435
binance,HEIUSDT,2026-08-19T04:30:19.307000+00:00,SINGLE_GATE_FAIL,buy_pressure_not_confirmed,train,0.1372,1.6034985422740622,1.0204081632653184,0.291545189504383,-0.21865889212827616,-0.2915451895043608,-0.07288629737608465,-1.4577259475218707,1.6034985422740622,-0.510204081632637
binance,METUSDT,2026-08-19T04:30:55.632000+00:00,SINGLE_GATE_FAIL,m1_prebreakout_setup_not_ready,train,0.1752,-0.22831050228309113,0.11415525114155667,-0.05707762557076723,0.11415525114155667,-0.22831050228309113,0.11415525114155667,0.11415525114155667,0.22831050228311334,-0.5136986301369828
binance,AEVOUSDT,2026-08-19T04:30:55.632000+00:00,SINGLE_GATE_FAIL,m1_prebreakout_setup_not_ready,train,0.02097,0.8106819265617515,1.1444921316166035,1.573676680972813,1.669051025274193,2.288984263233207,1.669051025274193,1.812112541726285,3.2427277062470283,0.0
binance,SOXSBUSDT,2026-08-19T04:31:31.633000+00:00,SINGLE_GATE_FAIL,m1_prebreakout_setup_not_ready,train,45.21,-0.044238000442387015,-0.17695200176951476,0.06635700066357497,0.11059500110595089,0.5087370050873563,0.8405220084052312,-0.3981420039814165,0.1990710019907027,-0.33178500331784155
binance,LAUSDT,2026-08-19T04:33:55.356000+00:00,SINGLE_GATE_FAIL,m1_prebreakout_setup_not_ready,train,0.0561,0.17825311942960553,0.7130124777183777,0.891265597147961,0.5347593582887722,0.7130124777183777,0.0,-0.35650623885917776,1.24777183600715,-0.35650623885917776
binance,HEIUSDT,2026-08-19T04:34:46.108000+00:00,BUY,,train,0.1393,-1.2203876525484603,-1.5793251974156597,-2.081837760229732,-1.7229002153625328,-1.7229002153625328,-2.5125628140703515,-2.5843503230438047,0.0,-2.081837760229732
binance_futures,HEIUSDT,2026-08-19T04:34:46.740501+00:00,BUY,,train,0.13923,-1.3574660633484226,-1.6375781081663487,-2.0757020757020794,-1.9105077928607272,-1.8243194713782884,-2.4922789628672004,-2.5856496444731647,0.021547080370609706,-2.1547080370609817
binance,SOXSBUSDT,2026-08-19T04:36:03.621000+00:00,SINGLE_GATE_FAIL,m1_prebreakout_setup_not_ready,train,45.13,0.24374030578329098,0.2880567250166166,0.5317970307999076,0.6869044981165473,1.0192776423664895,0.7533791269665358,-0.06647462884998845,0.6425880788832217,-0.1551074673166397
binance,METUSDT,2026-08-19T04:36:03.621000+00:00,SINGLE_GATE_FAIL,m1_prebreakout_setup_not_ready,train,0.1755,-0.2279202279202197,-0.2279202279202197,-0.34188034188034067,-0.34188034188034067,0.17094017094019254,-0.056980056980049376,0.11396011396012096,0.05698005698007158,-0.4558404558404505
binance,HEIUSDT,2026-08-19T04:36:03.621000+00:00,SINGLE_GATE_FAIL,m1_prebreakout_setup_not_ready,train,0.1385,-1.0108303249097617,-1.3718411552346654,-1.4440433212996373,-1.5884476534296033,-1.0108303249097617,-2.021660649819512,-1.8772563176895463,0.07220216606498298,-1.5162454873646314
binance,PUMPUSDT,2026-08-19T04:36:44.709000+00:00,SINGLE_GATE_FAIL,m1_prebreakout_setup_not_ready,train,0.003018,0.0,-0.0662690523525411,-0.23194168323392717,-0.1325381047050933,0.0662690523525633,0.19880715705766772,0.03313452617628165,0.0,-0.29821073558647937
binance,SOXSBUSDT,2026-08-19T04:39:05.225000+00:00,SINGLE_GATE_FAIL,m1_prebreakout_setup_not_ready,train,45.23,0.17687375635642155,0.22109219544550474,0.46429361043556217,0.8180411231483609,1.017024099049313,0.04421843908910539,-0.044218439089094286,0.9506964404156548,-0.15476453681184665
binance,LAUSDT,2026-08-19T04:39:42.345000+00:00,SINGLE_GATE_FAIL,m1_prebreakout_setup_not_ready,train,0.0566,-0.17667844522967213,0.0,-0.5300353356890386,-0.17667844522967213,-1.2367491166077715,-1.590106007067138,-0.8833922261484162,0.35335689045936647,-0.7067137809187218
binance,AEVOUSDT,2026-08-19T04:39:42.345000+00:00,SINGLE_GATE_FAIL,m1_prebreakout_setup_not_ready,train,0.0213,-0.14084507042253502,0.46948356807512415,0.6103286384976592,0.23474178403757318,-0.046948356807507974,0.23474178403757318,0.7511737089201942,1.7840375586854584,-0.3755868544600971
binance,EULUSDT,2026-08-19T04:39:42.345000+00:00,SINGLE_GATE_FAIL,m1_prebreakout_setup_not_ready,train,1.209,0.6617038875103454,1.2406947890818865,1.4888337468982549,1.9023986765922096,1.4061207609594728,0.992555831265518,0.6617038875103454,1.8196856906534276,0.0
binance,METUSDT,2026-08-19T04:41:36.715000+00:00,SINGLE_GATE_FAIL,m1_prebreakout_setup_not_ready,train,0.1752,-0.1712328767123239,-0.1712328767123239,0.057077625570789436,0.34246575342467,0.11415525114155667,0.22831050228311334,0.6849315068493178,0.1712328767123239,-0.28538812785388057
binance,EULUSDT,2026-08-19T04:42:43.867000+00:00,SINGLE_GATE_FAIL,m1_prebreakout_setup_not_ready,train,1.215,0.8230452674897082,0.9876543209876631,1.3168724279835509,1.0699588477366184,0.9053497942386857,1.2345679012345512,0.411522633744843,1.563786008230439,0.0
binance,AEVOUSDT,2026-08-19T04:42:43.867000+00:00,SINGLE_GATE_FAIL,m1_prebreakout_setup_not_ready,train,0.02134,0.5154639175257714,0.4217432052483483,-0.09372071227742307,-0.046860356138722636,-0.18744142455483503,0.2811621368322248,-0.281162136832247,1.5932521087160367,-0.562324273664494
binance,SOXSBUSDT,2026-08-19T04:42:43.867000+00:00,SINGLE_GATE_FAIL,m1_prebreakout_setup_not_ready,train,45.27,0.3313452617627499,0.6626905235254998,0.7289595758780631,0.706869891760542,0.44179368235033323,-0.46388336646786543,0.353434945880271,0.9498564170532298,-0.044179368235042205
binance,LAUSDT,2026-08-19T04:42:43.867000+00:00,SINGLE_GATE_FAIL,m1_prebreakout_setup_not_ready,train,0.0566,0.17667844522968323,-0.5300353356890386,-0.5300353356890386,-0.35335689045936647,-1.590106007067138,-1.590106007067138,-1.0600706713780883,0.17667844522968323,-0.7067137809187218
binance,PUMPUSDT,2026-08-19T04:43:16.800000+00:00,SINGLE_GATE_FAIL,m1_prebreakout_setup_not_ready,train,0.003015,-0.033167495854058426,0.0,0.1326699834162559,0.2321724709784423,0.3316749585406287,0.29850746268658135,-0.16583747927030323,0.2653399668325118,-0.19900497512437276
binance,EULUSDT,2026-08-19T04:43:54.384000+00:00,BUY,,train,1.218,0.5747126436781658,0.8210180623973828,1.1494252873563315,0.5747126436781658,0.5747126436781658,0.24630541871921707,0.4105090311987025,1.3136288998357948,0.0
binance_futures,EULUSDT,2026-08-19T04:43:55.019411+00:00,BUY,,train,1.2152,0.5842659644502923,0.9381171823568124,1.143844634628044,0.5019749835418086,0.5595786701777516,0.3209348255431177,0.452600394996705,1.2343647136273894,0.0
binance,AEVOUSDT,2026-08-19T04:45:52.979000+00:00,SINGLE_GATE_FAIL,m1_prebreakout_setup_not_ready,train,0.02138,0.0,-0.280636108512633,-0.374181478016844,-0.3274087932647385,-0.1403180542563054,0.0467726847521055,-0.8419083255378879,0.5612722170252438,-0.5612722170252549
binance,EULUSDT,2026-08-19T04:46:32.205000+00:00,SINGLE_GATE_FAIL,m1_prebreakout_setup_not_ready,train,1.223,0.7358953393295176,0.7358953393295176,0.24529844644316512,-0.16353229762877675,0.16353229762877675,-0.8994276369583054,0.0,0.8994276369582943,-0.16353229762877675
binance,SOXSBUSDT,2026-08-19T04:47:07.642000+00:00,SINGLE_GATE_FAIL,m1_prebreakout_setup_not_ready,train,45.48,0.26385224274407815,0.24186455584873645,0.461741424802109,-0.021987686895330594,-0.9234828496042069,-0.593667546174137,0.13192612137202797,0.4837291116974729,-0.06596306068600288
binance,AEVOUSDT,2026-08-19T04:47:45.823000+00:00,BUY,,train,0.02145,-0.60606060606061,-0.5594405594405716,-0.6526806526806594,-0.6993006993006978,-0.2331002331002363,0.3263403263403353,-1.538461538461544,0.13986013986013734,-0.932400932400923
binance,LAUSDT,2026-08-19T04:47:45.823000+00:00,SINGLE_GATE_FAIL,m1_prebreakout_setup_not_ready,train,0.0562,0.1779359430605032,0.3558718861209842,-0.5338078291814985,-0.8896797153024938,-0.8896797153024938,-0.1779359430605032,-1.245551601423489,0.5338078291814874,-1.245551601423489
binance,METUSDT,2026-08-19T04:47:45.823000+00:00,SINGLE_GATE_FAIL,m1_prebreakout_setup_not_ready,train,0.175,0.22857142857144463,0.45714285714286707,0.22857142857144463,0.28571428571428914,0.8000000000000007,0.5714285714285783,0.6857142857142895,0.45714285714286707,0.0
binance_futures,AEVOUSDT,2026-08-19T04:47:46.468930+00:00,BUY,,train,0.02139,-0.5142589995324909,-0.6077606358111165,-0.7480130902290827,-0.6545114539504349,-0.3740065451145358,0.32725572697522853,-1.3557737260401992,0.0,-1.0285179990649707
binance,PUMPUSDT,2026-08-19T04:48:28.407000+00:00,SINGLE_GATE_FAIL,m1_prebreakout_setup_not_ready,train,0.003017,0.09943652635067135,0.16572754391779299,0.23201856148491462,0.26516407026846434,0.23201856148491462,-0.198873052701376,-0.26516407026848654,0.23201856148491462,-0.1657275439178041
binance,EULUSDT,2026-08-19T04:49:44.046000+00:00,SINGLE_GATE_FAIL,m1_prebreakout_setup_not_ready,train,1.229,-0.08136696501221952,-0.24410089503662524,-0.24410089503662524,-0.6509357200976451,-0.8950366151342704,-0.9764035801464566,0.6509357200976451,0.40683482506100876,-0.6509357200976451
binance,AEVOUSDT,2026-08-19T04:49:44.046000+00:00,SINGLE_GATE_FAIL,m1_prebreakout_setup_not_ready,train,0.02138,-0.2338634237605275,-0.4209541627689384,-0.374181478016844,-0.1403180542563054,-0.093545369504211,0.374181478016844,-1.5902712815715647,0.1403180542563165,-0.6080449017773493
binance,LAUSDT,2026-08-19T04:50:52.057000+00:00,SINGLE_GATE_FAIL,m1_prebreakout_setup_not_ready,train,0.0563,-0.355239786856143,-0.7104795737122638,-1.0657193605683846,-1.0657193605683846,-0.355239786856143,-0.355239786856143,-1.4209591474245165,0.1776198934280604,-1.4209591474245165
binance,HEIUSDT,2026-08-19T04:50:52.057000+00:00,SINGLE_GATE_FAIL,m1_prebreakout_setup_not_ready,train,0.1369,-0.7304601899196461,-0.8035062089116085,-1.0956902848794803,-1.241782322863405,-0.8035062089116085,-1.4609203798393033,-1.6070124178232392,0.29218407596787177,-1.3878743608473187
binance,PROMUSDT,2026-08-19T04:52:05.685000+00:00,SINGLE_GATE_FAIL,m1_prebreakout_setup_not_ready,train,1.988,0.4024144869215318,0.1006036217303885,0.1006036217303885,0.1006036217303885,-0.3018108651911433,-0.7545271629778583,-0.2012072434607659,0.7042253521126751,-0.3018108651911433
binance,PUMPUSDT,2026-08-19T04:52:05.685000+00:00,SINGLE_GATE_FAIL,m1_prebreakout_setup_not_ready,train,0.003021,0.06620324395896215,0.03310162197949218,-0.06620324395895105,0.06620324395896215,-0.033101621979469975,-0.23171135385632313,-0.2648129758358042,0.19860973187686426,-0.2979145978152853
binance,METUSDT,2026-08-19T04:52:40.302000+00:00,SINGLE_GATE_FAIL,m1_prebreakout_setup_not_ready,train,0.1757,-0.17074558907227422,-0.11383039271485318,-0.17074558907227422,0.3984063745019917,0.17074558907228532,0.4553215708594127,0.3984063745019917,0.05691519635744324,-0.2845759817871385
binance,SOXSBUSDT,2026-08-19T04:52:40.302000+00:00,SINGLE_GATE_FAIL,m1_prebreakout_setup_not_ready,train,45.59,0.219346347883298,-0.26321561745997757,-1.052862469839888,-1.162535643781537,-0.833516121956579,-0.3509541566133034,-0.08773853915333696,0.219346347883298,-1.2283395481465287
binance,EULUSDT,2026-08-19T04:53:16.300000+00:00,SINGLE_GATE_FAIL,m1_prebreakout_setup_not_ready,train,1.229,-0.6509357200976451,-0.32546786004882255,-0.16273393002440573,-0.6509357200976451,-1.2205044751830818,-0.4882017900732283,0.24410089503661414,0.08136696501219731,-0.7323026851098535
binance,AEVOUSDT,2026-08-19T04:53:16.300000+00:00,SINGLE_GATE_FAIL,m1_prebreakout_setup_not_ready,train,0.02133,-0.14064697609000865,0.3750586029066971,0.09376465072667983,0.23441162681669958,0.6563525550867366,-0.2812939521800173,-1.359587435536791,0.3750586029066971,-0.375058602906686
binance,ACEUSDT,2026-08-19T04:54:31.900000+00:00,SINGLE_GATE_FAIL,extreme_24h_range,train,0.2252,0.2664298401420906,-0.9769094138543544,-0.6660746003552376,-1.1101243339253997,-1.243339253996456,-1.8206039076376634,-0.399644760213147,0.4884547069271772,-1.4209591474245165
binance,LAUSDT,2026-08-19T04:55:07.344000+00:00,SINGLE_GATE_FAIL,m1_prebreakout_setup_not_ready,train,0.0559,-0.3577817531305927,-0.3577817531305927,-0.3577817531305927,0.3577817531305927,0.3577817531305927,-0.3577817531305927,-1.073345259391767,0.3577817531305927,-0.7155635062611743
binance,PROMUSDT,2026-08-19T04:56:16.079000+00:00,SINGLE_GATE_FAIL,m1_prebreakout_setup_not_ready,train,2.0,-0.5000000000000004,-0.5000000000000004,-0.9000000000000008,-0.8499999999999952,-1.3499999999999956,-0.8000000000000007,-1.200000000000001,0.09999999999998899,-0.9000000000000008
binance,METUSDT,2026-08-19T04:56:53.277000+00:00,SINGLE_GATE_FAIL,m1_prebreakout_setup_not_ready,train,0.1754,0.0,0.11402508551880963,0.68415051311288,0.17103762827821445,0.5701254275940704,0.5131128848346656,0.7981755986317118,0.9122006841504993,0.0
binance,EULUSDT,2026-08-19T04:58:07.475000+00:00,SINGLE_GATE_FAIL,m1_prebreakout_setup_not_ready,train,1.225,0.0,-0.3265306122449019,-0.7346938775510292,-0.8979591836734802,-0.16326530612245094,0.8163265306122547,-0.08163265306123657,0.40816326530610514,-1.224489795918382
binance,LAUSDT,2026-08-19T04:58:43.909000+00:00,SINGLE_GATE_FAIL,m1_prebreakout_setup_not_ready,train,0.0556,0.3597122302158473,0.5395683453237377,0.7194244604316724,1.0791366906474975,-0.5395683453237266,-0.17985611510790145,-0.8992805755395517,0.8992805755395628,-0.17985611510790145
binance,PUMPUSDT,2026-08-19T04:58:43.909000+00:00,BUY,,train,0.003023,-0.03307972213033583,0.03307972213033583,-0.13231888852134333,-0.3969566655640189,-0.4300363876943436,-0.46311610982467943,-0.5623552762156869,0.13231888852134333,-0.23155805491233972
binance_futures,PUMPUSDT,2026-08-19T04:58:44.491933+00:00,BUY,,train,0.00302,-0.03311258278145823,0.0,-0.0993377483443747,-0.3311258278145712,-0.36423841059602946,-0.4304635761589348,-0.4966887417218624,0.1986754966887494,-0.26490066225166586
binance,AEVOUSDT,2026-08-19T04:59:55.117000+00:00,SINGLE_GATE_FAIL,m1_prebreakout_setup_not_ready,train,0.02139,0.04675081813931836,-0.14025245441794398,0.6077606358111387,0.32725572697522853,-0.8882655446470267,-1.6362786348761094,-1.6830294530154277,1.0285179990649818,-0.3740065451145358
binance,PROMUSDT,2026-08-19T05:00:30.883000+00:00,SINGLE_GATE_FAIL,m1_prebreakout_setup_not_ready,train,1.99,-0.4020100502512558,-0.05025125628139726,-0.2512562814070307,-0.35175879396984744,-0.3015075376884391,-0.10050251256281673,-0.9045226130653283,0.2512562814070307,-0.4020100502512558
binance,METUSDT,2026-08-19T05:00:30.883000+00:00,SINGLE_GATE_FAIL,m1_prebreakout_setup_not_ready,train,0.1754,0.7981755986317118,0.5701254275940704,0.3990877993158559,0.3990877993158559,0.68415051311288,0.5701254275940704,0.9692132269099263,0.9122006841504993,-0.057012542759404816
binance,EULUSDT,2026-08-19T05:01:44.187000+00:00,SINGLE_GATE_FAIL,m1_prebreakout_setup_not_ready,train,1.228,-0.8143322475570036,-1.3029315960912058,-0.8957654723126929,-0.8143322475570036,-0.4071661237784907,1.0586319218241158,-0.08143322475568926,0.16286644951140072,-1.4657980456026065
binance,PUMPUSDT,2026-08-19T05:02:55.899000+00:00,SINGLE_GATE_FAIL,m1_prebreakout_setup_not_ready,train,0.003023,-0.23155805491233972,-0.09923916639099639,-0.3969566655640189,-0.2977174991730003,-0.49619583195501527,-0.3307972213033472,-0.6946741647370192,0.0992391663910075,-0.46311610982467943
binance,METUSDT,2026-08-19T05:04:05.399000+00:00,SINGLE_GATE_FAIL,m1_prebreakout_setup_not_ready,train,0.1767,-0.3961516694963252,-0.5093378607809784,-0.1697792869269965,-0.05659309564232107,-0.5093378607809784,0.05659309564234327,-0.3395585738539819,0.05659309564234327,-0.7923033389926393
binance,SOXSBUSDT,2026-08-19T05:04:41.317000+00:00,SINGLE_GATE_FAIL,m1_prebreakout_setup_not_ready,train,44.99,0.4889975550122161,0.4889975550122161,0.9779951100244544,1.022449433207373,1.378084018670811,1.0891309179817732,1.0669037563902917,1.0002222716159137,-0.04445432318294085
binance,LAUSDT,2026-08-19T05:05:15.229000+00:00,SINGLE_GATE_FAIL,m1_prebreakout_setup_not_ready,train,0.0561,0.17825311942960553,0.0,-0.17825311942958333,-0.7130124777183555,-1.0695187165775333,-1.426024955436711,-1.7825311942958888,0.35650623885918886,-1.6042780748663055
binance,PUMPUSDT,2026-08-19T05:05:56.079000+00:00,SINGLE_GATE_FAIL,m1_prebreakout_setup_not_ready,train,0.003019,-0.26498840675721613,-0.26498840675721613,-0.29811195760185427,-0.36435905929116386,-0.3312355084465035,-0.4637297118251116,-0.5962239152036974,0.03312355084466034,-0.36435905929116386
binance,PROMUSDT,2026-08-19T05:06:27.537000+00:00,SINGLE_GATE_FAIL,m1_prebreakout_setup_not_ready,train,1.984,0.05040322580645018,-0.5544354838709631,0.0,0.0,-0.05040322580645018,-0.40322580645161255,-1.1592741935483875,0.3024193548387011,-0.8064516129032251
binance,AEVOUSDT,2026-08-19T05:07:09.511000+00:00,SINGLE_GATE_FAIL,m1_prebreakout_setup_not_ready,train,0.02154,-0.7892293407613771,-1.20705663881151,-1.578458681522743,-1.9498607242339872,-2.042711234911787,-2.32126276694522,-2.41411327762302,0.32497678737233304,-1.9034354688950872
binance,EULUSDT,2026-08-19T05:08:15.248000+00:00,SINGLE_GATE_FAIL,m1_prebreakout_setup_not_ready,train,1.211,0.5780346820809079,0.9909165978530199,0.8257638315441795,1.9818331957060398,1.7341040462427681,1.073492981007429,1.651527663088359,1.651527663088359,-0.08257638315443128
binance,LAUSDT,2026-08-19T05:09:28.208000+00:00,SINGLE_GATE_FAIL,m1_prebreakout_setup_not_ready,train,0.0562,-0.3558718861209953,-1.6014234875444844,-1.245551601423489,-1.245551601423489,-1.4234875444839923,-1.9572953736654797,-2.491103202846967,0.0,-1.7793594306049876
binance,HEMIUSDT,2026-08-19T05:09:28.208000+00:00,SINGLE_GATE_FAIL,m1_prebreakout_setup_not_ready,train,0.00734,-0.9536784741144388,2.9972752043596618,12.125340599455026,13.079019073569476,11.035422343324242,9.264305177111698,9.264305177111698,13.760217983651213,-1.2261580381471404
binance,AEVOUSDT,2026-08-19T05:10:42.453000+00:00,SINGLE_GATE_FAIL,m1_prebreakout_setup_not_ready,train,0.02146,-0.8853681267474323,-1.2115563839701804,-1.4445479962721386,-1.910531220876055,-1.724137931034475,-1.9571295433364444,-2.0503261882572232,0.0,-1.9571295433364444
binance,SOXSBUSDT,2026-08-19T05:11:17.982000+00:00,SINGLE_GATE_FAIL,m1_prebreakout_setup_not_ready,train,45.38,0.15425297487881018,0.30850594975759815,0.3525782282943979,0.37461436756278665,-0.08814455707359947,-0.1322168356104103,0.4186866460996086,0.5729396209783966,-0.11018069634201044
binance,EULUSDT,2026-08-19T05:11:51.844000+00:00,SINGLE_GATE_FAIL,m1_prebreakout_setup_not_ready,train,1.218,0.4105090311987025,0.4105090311987025,1.5599343185550119,1.8883415435139606,1.1494252873563315,0.7389162561576512,1.3957307060755486,1.9704433497536922,-0.08210180623973162
binance,LAUSDT,2026-08-19T05:12:28.390000+00:00,SINGLE_GATE_FAIL,m1_prebreakout_setup_not_ready,train,0.056,-0.5357142857142838,-0.8928571428571397,-0.8928571428571397,-0.8928571428571397,-1.2499999999999956,-2.1428571428571463,-2.500000000000002,0.0,-1.4285714285714346
binance,HEMIUSDT,2026-08-19T05:12:28.390000+00:00,SINGLE_GATE_FAIL,m1_prebreakout_setup_not_ready,train,0.00744,2.2849462365591267,10.618279569892453,13.172043010752677,12.365591397849451,8.602150537634401,8.064516129032251,8.198924731182778,13.575268817204279,-2.553763440860213
binance,PUMPUSDT,2026-08-19T05:12:28.390000+00:00,SINGLE_GATE_FAIL,m1_prebreakout_setup_not_ready,train,0.003019,-0.36435905929116386,-0.36435905929116386,-0.3312355084465035,-0.19874130506789545,-0.4637297118251116,-0.5631003643590593,-0.6293474660483578,0.0,-0.5299768135144101
binance,EULUSDT,2026-08-19T05:14:55.718000+00:00,SINGLE_GATE_FAIL,m1_prebreakout_setup_not_ready,train,1.222,0.7364975450081968,1.2274959083469872,1.7184942716857776,0.8183306055646433,0.24549918166940632,0.8183306055646433,1.3093289689034338,1.8003273322422242,-0.08183306055645767
binance,SOXSBUSDT,2026-08-19T05:15:35.947000+00:00,SINGLE_GATE_FAIL,m1_prebreakout_setup_not_ready,train,45.51,0.06591957811470373,0.06591957811470373,-0.06591957811470373,-0.3295978905734964,-0.35157108327839026,0.0,0.2636783124588149,0.28565150516370874,-0.17578554163919513
binance,HEMIUSDT,2026-08-19T05:15:35.947000+00:00,SINGLE_GATE_FAIL,m1_prebreakout_setup_not_ready,train,0.00756,9.126984126984139,11.375661375661373,8.06878306878307,7.14285714285714,7.14285714285714,6.7460317460317665,7.539682539682535,11.772486772486769,-0.3968253968253954
binance,PUMPUSDT,2026-08-19T05:17:15.342000+00:00,SINGLE_GATE_FAIL,m1_prebreakout_setup_not_ready,train,0.003011,-0.06642311524409639,0.06642311524411859,-0.06642311524409639,-0.19926934573231136,-0.29890401859846705,-0.23248090335435956,-0.23248090335435956,0.09963467286617789,-0.36532713384256343
binance,EULUSDT,2026-08-19T05:18:32.442000+00:00,SINGLE_GATE_FAIL,m1_prebreakout_setup_not_ready,train,1.231,0.8123476848090894,0.08123476848089783,0.08123476848089783,-0.5686433793663737,-0.16246953696181787,0.0,0.16246953696181787,1.0560519902518273,-0.4874086108854647
binance,METUSDT,2026-08-19T05:19:05.785000+00:00,SINGLE_GATE_FAIL,m1_prebreakout_setup_not_ready,train,0.1759,0.2842524161455362,0.511654349061974,0.511654349061974,0.8527572484366086,0.11370096645821892,0.4548038658328535,0.6822057987492913,0.6822057987492913,-0.05685048322909836
binance,SOXSBUSDT,2026-08-19T05:20:54.309000+00:00,SINGLE_GATE_FAIL,m1_prebreakout_setup_not_ready,train,45.54,-0.13175230566535578,-0.39525691699604515,-0.4391743522178193,-0.4172156346069378,-0.06587615283267789,0.10979358805447426,0.3513394817742821,0.02195871761088153,-0.6148440931049604
binance,EULUSDT,2026-08-19T05:22:08.581000+00:00,SINGLE_GATE_FAIL,m1_prebreakout_setup_not_ready,train,1.241,-0.483481063658342,-0.8058017727639033,-1.2892828364222453,-0.8058017727639033,-0.8058017727639033,-0.6446414182111226,0.08058017727639033,0.241740531829171,-1.6116035455278066
binance,LAUSDT,2026-08-19T05:22:44.159000+00:00,SINGLE_GATE_FAIL,m1_prebreakout_setup_not_ready,train,0.0553,0.0,0.0,-0.1808318264014508,-0.9041591320072317,-0.7233273056057921,-1.2658227848101222,-0.5424954792043413,0.5424954792043302,-0.5424954792043413
binance,PROMUSDT,2026-08-19T05:22:44.159000+00:00,SINGLE_GATE_FAIL,m1_prebreakout_setup_not_ready,train,1.984,-0.6552419354838634,-0.2520161290322509,-0.6048387096774244,-1.2600806451612878,-1.1592741935483875,-0.9576612903225756,-1.6633064516129004,0.0,-1.4616935483870885
binance,EULUSDT,2026-08-19T05:24:31.370000+00:00,BUY,,train,1.231,0.0,-0.4874086108854647,0.0,0.08123476848089783,0.16246953696181787,0.5686433793663515,1.2185215272136452,0.6498781478472715,-0.8123476848091005
binance,SOXSBUSDT,2026-08-19T05:24:31.370000+00:00,SINGLE_GATE_FAIL,m1_prebreakout_setup_not_ready,train,45.48,-0.30782761653472823,-0.28583992963938654,-0.3518029903254116,-0.021987686895330594,0.24186455584873645,0.30782761653473933,0.8575197889182151,0.08795074758136678,-0.4837291116974507
binance,METUSDT,2026-08-19T05:24:31.370000+00:00,SINGLE_GATE_FAIL,m1_prebreakout_setup_not_ready,train,0.1767,0.1697792869269854,0.3961516694963141,-0.05659309564232107,-0.3395585738539819,0.0,-0.11318619128466434,0.7357102433503071,0.5093378607810006,-0.22637238256931758
binance_futures,EULUSDT,2026-08-19T05:24:31.990368+00:00,BUY,,train,1.229,-0.0895036615134348,-0.455655004068356,-0.08136696501221952,-0.00813669650121529,0.17087062652563212,0.5126118795768964,1.0577705451586539,0.5288852725793269,-0.7648494711147369
binance,ACEUSDT,2026-08-19T05:26:53.597000+00:00,SINGLE_GATE_FAIL,extreme_24h_range,train,0.2253,2.973812694185529,4.34975588104749,6.61340434975588,7.900577008433207,10.563692853972473,8.122503328894815,7.900577008433207,8.743897026187298,-0.31069684864625247
binance,LAUSDT,2026-08-19T05:27:30.822000+00:00,SINGLE_GATE_FAIL,m1_prebreakout_setup_not_ready,train,0.0553,-0.1808318264014508,-0.9041591320072317,-0.3616636528028905,-0.7233273056057921,-1.2658227848101222,-0.3616636528028905,-0.7233273056057921,0.0,-0.9041591320072317
binance,PUMPUSDT,2026-08-19T05:27:30.822000+00:00,SINGLE_GATE_FAIL,m1_prebreakout_setup_not_ready,train,0.003001,0.06664445184938472,0.03332222592469236,0.0,0.09996667777407708,-0.03332222592469236,0.09996667777407708,-1.1996001332889028,0.19993335554815417,-0.09996667777408819
binance,EULUSDT,2026-08-19T05:28:07.741000+00:00,SINGLE_GATE_FAIL,m1_prebreakout_setup_not_ready,train,1.23,-0.24390243902437936,-0.08130081300812275,0.1626016260162677,0.08130081300814496,0.3252032520325132,0.24390243902439046,1.4634146341463428,0.40650406504065817,-0.7317073170731603
binance,ACEUSDT,2026-08-19T05:29:53.659000+00:00,SINGLE_GATE_FAIL,extreme_24h_range,train,0.2284,3.239929947460607,5.166374781085814,8.01225919439581,7.1803852889667175,8.669001751313488,6.217162872154125,6.654991243432584,8.274956217162877,-0.4378283712784592
binance,METUSDT,2026-08-19T05:30:31.001000+00:00,SINGLE_GATE_FAIL,m1_prebreakout_setup_not_ready,train,0.1774,-0.5073280721533346,-0.6764374295377684,-0.4509582863585049,-0.6200676437429498,-0.5073280721533346,0.0,-0.5073280721533346,0.05636978579481866,-1.014656144306647
binance,METUSDT,2026-08-19T05:31:40.826000+00:00,SINGLE_GATE_FAIL,lob_pattern_blocked_momentum_continuation,train,0.1771,-0.5646527385657851,-0.5081874647092088,-0.22586109542631627,-0.45172219085262144,-0.33879164313947996,-0.056465273856587395,0.16939582156973998,0.11293054771315258,-0.8469791078486777
binance,EULUSDT,2026-08-19T05:31:40.826000+00:00,SINGLE_GATE_FAIL,m1_prebreakout_setup_not_ready,train,1.228,0.32573289902280145,0.2442996742671122,0.4071661237785129,0.5700325732899136,0.7328990228013144,1.0586319218241158,1.0586319218241158,0.7328990228013144,-0.08143322475568926
binance,EPICUSDT,2026-08-19T05:31:40.826000+00:00,SINGLE_GATE_FAIL,m1_prebreakout_setup_not_ready,train,0.3678,-0.13594344752583254,0.29907558455681826,-0.271886895051654,-0.05437737901033968,-0.4350190320826508,-0.7612833061446556,-0.543773790103319,0.29907558455681826,-0.7612833061446556
binance,METUSDT,2026-08-19T05:32:16.115000+00:00,BUY,,train,0.1766,-0.22650056625141968,-0.3963759909399789,0.056625141562838266,-0.05662514156286047,-0.05662514156286047,0.22650056625139747,0.679501698754259,0.1698754246885592,-0.5662514156285381
binance_futures,METUSDT,2026-08-19T05:32:16.776079+00:00,BUY,,train,0.1763,-0.39705048213273253,-0.3403289846852009,-0.056721497447542735,-0.11344299489506326,-0.056721497447542735,0.28360748723765816,0.45377197958025306,0.22688598979012653,-0.45377197958027526
binance,PROMUSDT,2026-08-19T05:33:30.375000+00:00,SINGLE_GATE_FAIL,m1_prebreakout_setup_not_ready,train,1.958,0.1532175689479054,0.5617977528090012,0.1532175689479054,0.3575076608784533,-0.1532175689479054,-0.663942798774253,-2.1450459652706866,0.5617977528090012,-0.1532175689479054
binance,EULUSDT,2026-08-19T05:35:17.081000+00:00,SINGLE_GATE_FAIL,m1_prebreakout_setup_not_ready,train,1.232,-0.08116883116882079,0.40584415584417055,0.08116883116884299,0.32467532467532756,0.40584415584417055,1.2175324675324672,0.9740259740259827,0.48701298701299134,-0.24350649350648457
binance,EPICUSDT,2026-08-19T05:35:17.081000+00:00,SINGLE_GATE_FAIL,m1_prebreakout_setup_not_ready,train,0.3674,-0.3810560696788312,0.21774632553075435,0.05443658138268859,-0.16330974414806576,-0.8165487207403399,-0.21774632553076545,-0.462710941752853,0.4082743603701644,-0.6532389765922741
binance,METUSDT,2026-08-19T05:35:52.726000+00:00,SINGLE_GATE_FAIL,m1_prebreakout_setup_not_ready,train,0.1762,0.2270147559591429,0.05675368898978572,0.34052213393871433,0.17026106696935717,0.6810442678774065,0.9648127128263351,0.9080590238365494,0.39727582292850006,-0.34052213393870323
binance,EULUSDT,2026-08-19T05:38:58.496000+00:00,SINGLE_GATE_FAIL,m1_prebreakout_setup_not_ready,train,1.231,0.32493907392363575,0.2437043054427157,0.4874086108854536,0.16246953696181787,0.8935824532900094,1.380991064175463,0.4061738424045336,0.5686433793663515,-0.16246953696181787
binance,METUSDT,2026-08-19T05:40:04.708000+00:00,SINGLE_GATE_FAIL,m1_prebreakout_setup_not_ready,train,0.1765,0.16997167138812497,0.0,0.0,0.5099150141643083,0.7932011331444722,0.0,1.246458923512761,0.3399433427762055,-0.11331444759205
binance,ALICEUSDT,2026-08-19T05:41:16.401000+00:00,SINGLE_GATE_FAIL,m1_prebreakout_setup_not_ready,train,0.1379,4.713560551123996,2.3930384336475763,2.3205221174764423,0.9427121102248082,0.07251631617115617,0.4350978970268482,0.5076142131979822,5.148658448150822,0.0
binance,SOXSBUSDT,2026-08-19T05:43:41.634000+00:00,SINGLE_GATE_FAIL,m1_prebreakout_setup_not_ready,train,45.7,-0.13129102844638973,0.0,0.0,0.13129102844637863,0.2188183807439792,0.4595185995623474,1.072210065645507,0.1094091903719896,-0.24070021881837933
binance,EULUSDT,2026-08-19T05:43:41.634000+00:00,SINGLE_GATE_FAIL,m1_prebreakout_setup_not_ready,train,1.233,0.32441200324411223,0.0,0.6488240064882467,0.7299270072992581,1.2165450121654375,0.8921330089213253,0.8110300081102917,0.8110300081102917,-0.16220600162205612
binance,SOXSBUSDT,2026-08-19T05:47:17.714000+00:00,SINGLE_GATE_FAIL,m1_prebreakout_setup_not_ready,train,45.67,0.06568863586600138,0.17516969564264073,0.43792423910662404,0.39413181519596385,0.5255090869279444,0.8758484782132703,0.41602802715130505,0.43792423910662404,-0.06568863586600138
binance,EULUSDT,2026-08-19T05:47:17.714000+00:00,SINGLE_GATE_FAIL,m1_prebreakout_setup_not_ready,train,1.236,0.08090614886733238,0.4854368932038833,0.8090614886731462,0.8899676375404564,0.08090614886733238,0.08090614886733238,0.8090614886731462,1.132686084142387,-0.404530744336562
binance,HEMIUSDT,2026-08-19T05:47:56.174000+00:00,SINGLE_GATE_FAIL,extreme_24h_range,train,0.00808,0.4950495049504955,0.3712871287128605,0.7425742574257432,3.2178217821782207,1.980198019801982,4.207920792079212,2.59900990099009,2.1039603960395947,-0.24752475247525885
binance,LAUSDT,2026-08-19T05:49:08.282000+00:00,SINGLE_GATE_FAIL,m1_prebreakout_setup_not_ready,train,0.0552,-0.36231884057971175,-0.5434782608695676,-0.5434782608695676,-0.9057971014492794,0.5434782608695787,0.5434782608695787,1.6304347826086918,0.0,-0.7246376811594124
binance,METUSDT,2026-08-19T05:50:55.656000+00:00,SINGLE_GATE_FAIL,m1_prebreakout_setup_not_ready,train,0.1769,0.5652911249293346,0.5652911249293346,0.22611644997174718,-0.22611644997174718,0.5087620124364145,1.0175240248728068,1.1871113623516116,0.7914075749010596,-0.056529112492931244
binance,ALICEUSDT,2026-08-19T05:50:55.656000+00:00,SINGLE_GATE_FAIL,m1_prebreakout_setup_not_ready,train,0.1403,-1.6393442622950838,-1.4967925873129118,-1.282965074839626,-0.9265858873841681,-0.28510334996436626,-1.4967925873129118,-1.8531717747683696,0.49893086243761875,-1.9957234497505305
binance,EULUSDT,2026-08-19T05:51:28.539000+00:00,SINGLE_GATE_FAIL,m1_prebreakout_setup_not_ready,train,1.238,0.646203554119551,0.8077544426494443,0.7269789983844976,0.24232633279483995,-0.1615508885298822,0.08077544426494665,0.646203554119551,1.050080775444262,0.0
binance,LAUSDT,2026-08-19T05:53:15.791000+00:00,SINGLE_GATE_FAIL,m1_prebreakout_setup_not_ready,train,0.055,-0.181818181818183,-0.181818181818183,0.0,0.9090909090909038,0.5454545454545379,2.9090909090909056,1.81818181818183,0.5454545454545379,-0.545454545454549
binance,EPICUSDT,2026-08-19T05:53:55.964000+00:00,SINGLE_GATE_FAIL,m1_prebreakout_setup_not_ready,train,0.3646,0.38398244651673963,0.27427317608337276,0.3291278113000562,0.24684585847505325,-0.13713658804168638,-0.4662643993417426,-0.7405375754251153,0.5485463521667677,-0.27427317608338386
binance,EULUSDT,2026-08-19T05:54:27.515000+00:00,BUY,,train,1.243,0.32180209171359664,0.32180209171359664,-0.48270313757039496,0.08045052292839916,-0.32180209171359664,-0.32180209171359664,0.24135156878519748,0.6436041834271711,-0.48270313757039496
binance,METUSDT,2026-08-19T05:54:27.516000+00:00,SINGLE_GATE_FAIL,m1_prebreakout_setup_not_ready,train,0.1778,0.16872890888639525,-0.3937007874015741,0.0,-0.11248593925760053,0.3937007874015519,0.3937007874015519,0.7874015748031482,0.28121484814396247,-0.7311586051743646
binance_futures,EULUSDT,2026-08-19T05:54:28.138946+00:00,BUY,,train,1.2397,0.31459224005807584,0.41945632007742706,-0.29039283697669394,0.12099701540695396,-0.24199403081391901,-0.1613293538759386,0.5485198031781824,0.7501814955231279,-0.4113898523836479
binance,EULUSDT,2026-08-19T05:55:39.775000+00:00,SINGLE_GATE_FAIL,m1_prebreakout_setup_not_ready,train,1.246,0.16051364365972098,-0.561797752808979,-0.16051364365970988,-0.16051364365970988,-0.9630818619582704,-0.40128410914926915,-0.08025682182984939,0.40128410914925805,-0.7223113964686889
binance,SOXSBUSDT,2026-08-19T05:55:39.775000+00:00,SINGLE_GATE_FAIL,m1_prebreakout_setup_not_ready,train,45.87,-0.1526051885764157,-0.1526051885764157,0.08720296490081214,0.3052103771528314,0.39241334205362133,0.04360148245041717,-0.19620667102681066,0.19620667102682177,-0.23980815347721673
binance,METUSDT,2026-08-19T05:56:53.094000+00:00,BUY,,train,0.178,-0.5056179775280834,-0.3370786516853852,-0.22471910112358273,0.05617977528091789,0.393258426966292,0.8426966292134797,0.6741573033707926,0.2808988764045006,-0.8426966292134797
binance_futures,METUSDT,2026-08-19T05:56:53.653292+00:00,BUY,,train,0.1773,-0.28200789622109257,-0.2256063169768785,0.0,0.16920473773265332,0.50761421319796,0.6768189509306133,0.7332205301748385,0.33840947546530664,-0.6768189509306244
binance,EULUSDT,2026-08-19T05:57:29.369000+00:00,BUY,,train,1.247,-0.6415396952686447,-0.8019246190858031,-0.24057738572574872,-0.8019246190858031,-0.8019246190858031,-0.0801924619085903,-0.0801924619085903,0.3207698476342946,-1.042502004811563
binance_futures,EULUSDT,2026-08-19T05:57:29.948332+00:00,BUY,,train,1.2444,-0.6107360977177789,-0.6669881067180916,-0.16072002571519972,-0.8277081324333024,-0.6107360977177789,0.032144005143042165,0.12054001928640812,0.3696560591449849,-0.94021215043395
binance,SOXSBUSDT,2026-08-19T05:58:55.729000+00:00,SINGLE_GATE_FAIL,m1_prebreakout_setup_not_ready,train,45.9,-0.10893246187363426,0.02178649237472019,0.41394335511983904,0.65359477124185,0.6318082788671076,-0.08714596949891407,-0.2396514161219998,0.5664488017429248,-0.3050108932461937
binance,METUSDT,2026-08-19T05:58:55.729000+00:00,SINGLE_GATE_FAIL,m1_prebreakout_setup_not_ready,train,0.1781,-0.39303761931499537,-0.112296462661432,0.0,-0.112296462661432,0.28074115665357446,0.7299270072992581,0.6737787759685476,0.2245929253228418,-0.8983717012914227
binance,EULUSDT,2026-08-19T05:58:55.729000+00:00,SINGLE_GATE_FAIL,m1_prebreakout_setup_not_ready,train,1.246,-0.40128410914926915,-0.16051364365970988,-0.8025682182985605,-0.8025682182985605,-0.24077046548955927,0.24077046548958148,0.0,0.40128410914925805,-0.9630818619582704
binance,ALICEUSDT,2026-08-19T06:00:05.790000+00:00,SINGLE_GATE_FAIL,m1_prebreakout_setup_not_ready,train,0.1377,1.6702977487291326,1.5976761074800283,1.1619462599854913,0.3631082062454549,0.3631082062454549,0.0,0.1452432824981864,3.267973856209161,-0.1452432824981642
binance,HEIUSDT,2026-08-19T06:01:28.869000+00:00,SINGLE_GATE_FAIL,m1_prebreakout_setup_not_ready,train,0.137,-0.29197080291971655,1.1678832116788218,1.5328467153284508,1.3868613138686037,5.474452554744502,3.649635036496335,3.649635036496335,2.262773722627731,-0.6569343065693567
binance,EULUSDT,2026-08-19T06:02:06.667000+00:00,SINGLE_GATE_FAIL,m1_prebreakout_setup_not_ready,train,1.239,0.40355125100886013,-0.16142050040355294,0.0,-0.16142050040355294,0.5649717514124131,0.6456820016142117,0.2421307506053072,0.4842615012106588,-0.4842615012106588
binance,METUSDT,2026-08-19T06:02:41.734000+00:00,SINGLE_GATE_FAIL,m1_prebreakout_setup_not_ready,train,0.1773,0.28200789622110367,0.2256063169768563,0.7896221094190636,0.5640157924421629,0.958826847151717,1.1280315848843703,0.5640157924421629,0.958826847151717,0.0
binance,LAUSDT,2026-08-19T06:02:41.734000+00:00,SINGLE_GATE_FAIL,m1_prebreakout_setup_not_ready,train,0.0551,0.7259528130671544,0.7259528130671544,1.4519056261342866,1.6333938294010864,2.3593466424682408,1.4519056261342866,1.4519056261342866,1.8148820326678639,0.0
binance,SOXSBUSDT,2026-08-19T06:03:15.739000+00:00,SINGLE_GATE_FAIL,m1_prebreakout_setup_not_ready,train,45.9,0.41394335511983904,0.65359477124185,0.32679738562091387,0.6318082788671076,-0.08714596949891407,-0.5010893246187309,-0.3050108932461937,0.7843137254901933,0.0
binance,GNOUSDT,2026-08-19T06:05:04.061000+00:00,SINGLE_GATE_FAIL,extreme_24h_range,train,115.14,-0.6079555323953434,-0.8511377453534807,-0.9727288518325605,-0.9640437727983286,-1.285391697064442,-1.389612645475069,-1.650165016501659,1.5198888309883696,-1.1203751954142804
binance,ALICEUSDT,2026-08-19T06:05:04.061000+00:00,SINGLE_GATE_FAIL,m1_prebreakout_setup_not_ready,train,0.1404,-1.4957264957264904,-1.5669515669515688,-1.2108262108262213,-1.5669515669515688,-1.9230769230769273,-2.492877492877499,-2.6353276353276445,0.14245014245015675,-1.7806267806267817
binance,METUSDT,2026-08-19T06:06:15.754000+00:00,SINGLE_GATE_FAIL,m1_prebreakout_setup_not_ready,train,0.1779,0.3372681281618828,0.44969083754917705,0.3934794828555299,0.8993816750983541,0.7307476110174127,0.7307476110174127,0.05621135469364713,0.6745362563237878,-0.22484541877459963
binance,EULUSDT,2026-08-19T06:06:15.754000+00:00,SINGLE_GATE_FAIL,m1_prebreakout_setup_not_ready,train,1.245,-0.48192771084337727,-0.48192771084337727,-0.16064257028112205,-0.16064257028112205,0.08032128514054993,0.08032128514054993,-0.3212851405622441,0.0,-0.9638554216867434
binance,HEIUSDT,2026-08-19T06:06:52.677000+00:00,SINGLE_GATE_FAIL,m1_prebreakout_setup_not_ready,train,0.1381,0.7241129616220032,0.5792903692976026,1.086169442433027,4.634322954380865,2.824040550325835,1.8826937002172306,2.824040550325835,3.4033309196234596,0.0
binance,SOXSBUSDT,2026-08-19T06:07:29.207000+00:00,SINGLE_GATE_FAIL,no_live_buy_tape,train,46.13,-0.1734229351831873,0.13006720138737382,-0.5202688055495397,-0.5853024062432377,-0.997181877303277,-0.8454368090179964,-0.8020810752222052,0.2818122696726544,-0.7153696076306226
binance,ALICEUSDT,2026-08-19T06:08:07.296000+00:00,SINGLE_GATE_FAIL,m1_prebreakout_setup_not_ready,train,0.1391,-0.35945363048166534,-0.35945363048166534,-0.6470165348670065,-1.2221423436376777,-1.5097052480229967,-1.581595974119343,-2.300503235082685,0.07189072609632419,-1.3659237958303483
binance,HEIUSDT,2026-08-19T06:08:44.015000+00:00,SINGLE_GATE_FAIL,buy_pressure_not_confirmed,train,0.1387,0.14419610670513006,-0.07209805335255393,4.181687094448461,2.1629416005767954,1.2256669069935056,1.7303532804614274,3.388608507570301,5.0468637346791745,-0.21629416005767288
binance,LAUSDT,2026-08-19T06:08:44.015000+00:00,SINGLE_GATE_FAIL,m1_prebreakout_setup_not_ready,train,0.0554,1.2635379061371799,2.166064981949467,1.8050541516245522,1.0830324909747446,1.0830324909747446,1.2635379061371799,0.18050541516245744,2.3465703971119245,-0.3610108303249038
binance,SOXSBUSDT,2026-08-19T06:09:15.502000+00:00,SINGLE_GATE_FAIL,m1_prebreakout_setup_not_ready,train,46.2,-0.02164502164503368,-0.41125541125541787,-0.7142857142857229,-1.0822510822510845,-1.2337662337662314,-1.0389610389610504,-0.9523809523809601,0.12987012987011326,-0.8658008658008809
binance,HEIUSDT,2026-08-19T06:09:52.682000+00:00,SINGLE_GATE_FAIL,m1_prebreakout_setup_not_ready,train,0.1392,-0.35919540229885083,0.287356321839094,4.094827586206895,2.011494252873569,0.9339080459770388,1.5804597701149392,2.6580459770114917,4.669540229885061,-0.5747126436781547
binance,METUSDT,2026-08-19T06:10:31.282000+00:00,SINGLE_GATE_FAIL,m1_prebreakout_setup_not_ready,train,0.1782,0.22446689113355678,0.33670033670032407,0.6734006734006703,0.44893378226711356,0.6172839506172867,0.33670033670032407,0.953984287317633,0.729517396184054,-0.16835016835016203
binance,EULUSDT,2026-08-19T06:11:04.607000+00:00,SINGLE_GATE_FAIL,m1_prebreakout_setup_not_ready,train,1.235,0.32388663967610754,0.6477732793522373,1.1336032388663986,0.8906882591092957,0.8906882591092957,0.32388663967610754,0.9716599190283448,1.3765182186234792,-0.16194331983805377
binance,HEIUSDT,2026-08-19T06:11:04.607000+00:00,SINGLE_GATE_FAIL,lob_pattern_blocked_momentum_continuation,train,0.1398,-0.14306151645208098,3.361945636623731,1.359084406294686,1.573676680972813,0.6437768240343145,1.573676680972813,1.716738197424883,4.220314735336195,-1.0014306151645336
binance,METUSDT,2026-08-19T06:12:15.868000+00:00,BUY,,train,0.1787,0.05595970900951208,0.16787912702853625,0.22383883603804833,0.3357582540570725,0.22383883603804833,-0.22383883603805943,0.8953553441522155,0.44767767207609666,-0.3917179630665957
binance,SOXSBUSDT,2026-08-19T06:12:15.868000+00:00,SINGLE_GATE_FAIL,m1_prebreakout_setup_not_ready,train,46.17,-0.6064544076240019,-0.6714316655837216,-1.017977041368856,-1.0829542993285646,-0.9313406974225669,-0.974658869395717,-0.5847953216374324,0.04331817197313903,-1.1262724713017147
binance,ALICEUSDT,2026-08-19T06:12:15.868000+00:00,SINGLE_GATE_FAIL,m1_prebreakout_setup_not_ready,train,0.1389,-0.5039596832253412,-1.0799136069114534,-0.7919366450683918,-1.295896328293733,-1.6558675305975545,-1.295896328293733,-1.3678905687544929,0.21598272138227959,-1.2239020878329732
binance_futures,METUSDT,2026-08-19T06:12:16.408178+00:00,BUY,,train,0.1781,0.05614823133071045,0.2245929253228418,0.39303761931497316,0.39303761931497316,0.28074115665357446,-0.056148231330721554,0.8983717012914116,0.5053340819764163,-0.224592925322864
binance,LAUSDT,2026-08-19T06:12:54.305000+00:00,SINGLE_GATE_FAIL,m1_prebreakout_setup_not_ready,train,0.0561,0.17825311942960553,0.5347593582887722,0.0,-0.35650623885917776,-0.35650623885917776,-0.35650623885917776,-1.426024955436711,1.0695187165775444,-0.35650623885917776
binance,HEIUSDT,2026-08-19T06:13:27.947000+00:00,SINGLE_GATE_FAIL,m1_prebreakout_setup_not_ready,train,0.1387,4.181687094448461,2.1629416005767954,2.379235760634457,1.2256669069935056,1.7303532804614274,3.749098774333093,2.883922134102379,5.0468637346791745,-0.21629416005767288
binance,EULUSDT,2026-08-19T06:14:42.254000+00:00,SINGLE_GATE_FAIL,m1_prebreakout_setup_not_ready,train,1.242,0.32206119162641045,0.48309178743961567,0.40257648953301306,0.32206119162641045,0.40257648953301306,-0.24154589371979673,-0.32206119162641045,0.8051529790660261,-0.24154589371979673
binance,METUSDT,2026-08-19T06:15:15.624000+00:00,SINGLE_GATE_FAIL,m1_prebreakout_setup_not_ready,train,0.1787,0.3917179630665846,0.16787912702853625,0.3357582540570725,0.3357582540570725,0.05595970900951208,-0.22383883603805943,0.05595970900951208,0.7274762171236793,-0.16787912702853625
binance,HEIUSDT,2026-08-19T06:16:29.176000+00:00,SINGLE_GATE_FAIL,m1_prebreakout_setup_not_ready,train,0.1427,-0.49053959355290777,-0.49053959355290777,-1.5416958654519863,-1.4015416958654492,-0.49053959355290777,-0.49053959355290777,-0.7007708479327301,2.1023125437981793,-2.2424667133847054
binance,ALICEUSDT,2026-08-19T06:17:06.990000+00:00,SINGLE_GATE_FAIL,m1_prebreakout_setup_not_ready,train,0.1376,0.07267441860463464,-0.3633720930232509,-0.5813953488372103,-0.7267441860465129,-0.3633720930232509,-1.2354651162790775,-1.3081395348837233,0.29069767441860517,-1.0174418604651292
binance,SOXSBUSDT,2026-08-19T06:17:41.421000+00:00,SINGLE_GATE_FAIL,m1_prebreakout_setup_not_ready,train,45.86,-0.4143044047099864,-0.4143044047099864,-0.1744439598778902,-0.2616659398168242,-0.3052769297863023,-0.21805494984736828,-1.8098560837330968,0.0,-0.5233318796336706
binance,METUSDT,2026-08-19T06:17:41.421000+00:00,SINGLE_GATE_FAIL,lob_spoof,train,0.179,0.0,0.16759776536312554,0.16759776536312554,0.055865921787723316,-0.3910614525139744,-0.27932960893854997,-0.16759776536312554,0.5586592178770999,-0.3351955307262511
binance,METUSDT,2026-08-19T06:18:17.054000+00:00,BUY,,train,0.1789,0.1676914477361624,0.39128004471771227,0.22358859698154987,0.22358859698154987,-0.3353828954723359,0.27948574622693734,0.11179429849077493,1.0620458356623619,-0.27948574622693734
binance,LAUSDT,2026-08-19T06:18:17.054000+00:00,SINGLE_GATE_FAIL,m1_prebreakout_setup_not_ready,train,0.0562,-0.3558718861209953,-0.3558718861209953,-0.3558718861209953,-0.1779359430605032,-0.7117437722419906,-1.245551601423489,-1.067615658362997,0.0,-0.7117437722419906
binance,EULUSDT,2026-08-19T06:18:17.054000+00:00,SINGLE_GATE_FAIL,m1_prebreakout_setup_not_ready,train,1.246,0.0,0.24077046548958148,-0.08025682182984939,0.0,-0.40128410914926915,0.32102728731941976,-0.8025682182985605,0.48154093097914075,-0.16051364365970988
binance_futures,METUSDT,2026-08-19T06:18:17.871863+00:00,BUY,,train,0.1785,0.11204481792717047,0.2801120448179262,0.11204481792717047,0.1680672268907557,-0.39215686274508554,0.2801120448179262,0.11204481792717047,0.6162464985994598,-0.1680672268907557
binance,METUSDT,2026-08-19T06:18:53.679000+00:00,SINGLE_GATE_FAIL,m1_prebreakout_setup_not_ready,train,0.1789,0.1676914477361624,0.39128004471771227,0.1676914477361624,0.22358859698154987,-0.3353828954723359,0.27948574622693734,0.11179429849077493,1.0620458356623619,-0.27948574622693734
binance,HEIUSDT,2026-08-19T06:20:42.599000+00:00,SINGLE_GATE_FAIL,m1_prebreakout_setup_not_ready,train,0.1421,-1.196340605207602,-1.1259676284306797,-0.703729767769179,-0.9852216748768572,0.49261083743843415,0.5629838142153343,0.5629838142153343,0.6333567909922566,-1.8296973961998475
binance,ALICEUSDT,2026-08-19T06:21:15.958000+00:00,SINGLE_GATE_FAIL,m1_prebreakout_setup_not_ready,train,0.1376,-0.5813953488372103,-0.5813953488372103,-0.5087209302325646,0.14534883720931369,-0.9447674418604612,-1.0174418604651292,-1.3081395348837233,0.43604651162789665,-1.0174418604651292
binance,EULUSDT,2026-08-19T06:21:54.917000+00:00,SINGLE_GATE_FAIL,m1_prebreakout_setup_not_ready,train,1.25,-0.31999999999999806,-0.31999999999999806,-0.23999999999999577,-0.8799999999999919,-0.7199999999999873,-0.23999999999999577,-0.8799999999999919,0.0,-0.9600000000000053
binance,XAIUSDT,2026-08-19T06:23:52.247000+00:00,SINGLE_GATE_FAIL,m1_prebreakout_setup_not_ready,train,0.00729,0.274348422496562,0.274348422496562,0.274348422496562,0.5486968449931462,0.0,-0.137174211248281,-1.5089163237311354,0.8230452674897082,0.0
binance,EULUSDT,2026-08-19T06:25:05.841000+00:00,SINGLE_GATE_FAIL,m1_prebreakout_setup_not_ready,train,1.247,-0.0801924619085903,-0.5613472333600766,-0.4009623095429071,-0.4009623095429071,-0.0801924619085903,-0.8821170809943935,-0.721732157177235,0.0801924619085792,-0.721732157177235
binance,HEIUSDT,2026-08-19T06:25:05.841000+00:00,SINGLE_GATE_FAIL,m1_prebreakout_setup_not_ready,train,0.1404,0.4985754985755042,0.21367521367521292,2.136752136752129,1.7094017094017255,1.7806267806267817,0.92592592592593,0.9971509971510084,2.9202279202279247,-0.42735042735041473
binance,METUSDT,2026-08-19T06:25:41.885000+00:00,SINGLE_GATE_FAIL,m1_prebreakout_setup_not_ready,train,0.1792,0.05580357142855874,-0.22321428571429047,-0.5022321428571508,-0.5022321428571508,0.390625,-0.22321428571429047,-2.4553571428571397,0.8928571428571397,-1.0602678571428492
binance,LAUSDT,2026-08-19T06:26:16.813000+00:00,SINGLE_GATE_FAIL,m1_prebreakout_setup_not_ready,train,0.0561,-0.17825311942958333,-0.35650623885917776,-0.5347593582887611,-1.2477718360071277,-1.426024955436711,-1.2477718360071277,-0.7130124777183555,0.0,-1.0695187165775333
binance,SOXSBUSDT,2026-08-19T06:26:51.415000+00:00,SINGLE_GATE_FAIL,m1_prebreakout_setup_not_ready,train,45.8,-0.17467248908296096,-0.17467248908296096,-0.08733624454148048,-0.08733624454148048,0.28384279475983654,-1.5938864628820881,-2.358078602620084,0.21834061135370675,-0.17467248908296096
binance,EULUSDT,2026-08-19T06:28:07.713000+00:00,SINGLE_GATE_FAIL,m1_prebreakout_setup_not_ready,train,1.246,-0.561797752808979,-0.40128410914926915,-0.32102728731941976,0.32102728731941976,-0.16051364365970988,-0.8025682182985605,-0.40128410914926915,0.16051364365972098,-0.6420545746388395
binance,HEIUSDT,2026-08-19T06:28:07.713000+00:00,SINGLE_GATE_FAIL,m1_prebreakout_setup_not_ready,train,0.1402,1.2838801711840153,2.639087018544939,1.854493580599148,2.2824536376604865,1.783166904422262,2.4251069900142808,1.854493580599148,3.0670470756062773,-0.07132667617688604
binance,SOXSBUSDT,2026-08-19T06:30:40.984000+00:00,SINGLE_GATE_FAIL,m1_prebreakout_setup_not_ready,train,45.72,0.08748906386701893,0.08748906386701893,0.08748906386701893,0.21872265966753623,-0.8092738407698974,-1.5966754155730456,-2.1434820647418973,0.08748906386701893,0.0
binance,EULUSDT,2026-08-19T06:31:51.529000+00:00,SINGLE_GATE_FAIL,m1_prebreakout_setup_not_ready,train,1.24,-0.08064516129031585,0.08064516129033805,0.4838709677419395,0.5645161290322775,-0.1612903225806428,-0.08064516129031585,-0.1612903225806428,0.8064516129032251,-0.1612903225806428
binance,HEIUSDT,2026-08-19T06:32:27.702000+00:00,SINGLE_GATE_FAIL,m1_prebreakout_setup_not_ready,train,0.142,0.5633802816901623,0.4929577464788837,0.6338028169014187,0.6338028169014187,0.7746478873239537,0.8450704225352101,0.6338028169014187,1.760563380281699,-0.35211267605633756
binance,METUSDT,2026-08-19T06:32:27.702000+00:00,SINGLE_GATE_FAIL,m1_prebreakout_setup_not_ready,train,0.1785,-0.11204481792717047,0.0,0.7843137254901933,1.0084033613445342,0.11204481792717047,-1.7927170868347275,-1.1204481792717047,0.952380952380949,-0.6722689075630117
binance,METUSDT,2026-08-19T06:36:07.169000+00:00,SINGLE_GATE_FAIL,m1_prebreakout_setup_not_ready,train,0.1783,0.7291082445316954,1.0656197420078506,0.8412787436904212,0.16825574873808868,0.5047672462142438,-2.0751542344363383,-0.28042624789679227,1.6264722378014573,-0.28042624789679227
binance,XAIUSDT,2026-08-19T06:36:07.169000+00:00,SINGLE_GATE_FAIL,m1_prebreakout_setup_not_ready,train,0.00734,-0.6811989100817484,-1.0899182561307952,-0.8174386920980936,-0.9536784741144388,-2.043596730245234,-2.3160762942779245,-1.7711171662125325,0.13623978201633413,-1.0899182561307952
binance,HEIUSDT,2026-08-19T06:36:41.232000+00:00,SINGLE_GATE_FAIL,m1_prebreakout_setup_not_ready,train,0.1427,0.14015416958654825,-0.3503854239663595,0.4905395935529189,-0.7007708479327301,-0.14015416958654825,0.14015416958654825,0.0,0.700770847932719,-0.9810791871058044
binance,PROMUSDT,2026-08-19T06:37:17.295000+00:00,SINGLE_GATE_FAIL,m1_prebreakout_setup_not_ready,train,1.976,0.10121457489877805,0.15182186234818928,-0.05060728744938903,-0.7085020242915019,-0.30364372469635637,-0.2024291497975672,0.10121457489877805,0.8603238866396801,-0.8097165991902799
binance,MUBARAKUSDT,2026-08-19T06:38:31.332000+00:00,SINGLE_GATE_FAIL,m1_prebreakout_setup_not_ready,train,0.01765,0.0,-0.28328611898016387,0.11331444759208331,-0.22662889518412221,0.16997167138812497,-0.3399433427761944,-0.7365439093484305,0.679886685552411,-0.6798866855524
binance,HEIUSDT,2026-08-19T06:39:41.364000+00:00,SINGLE_GATE_FAIL,m1_prebreakout_setup_not_ready,train,0.1435,-0.4181184668989424,-0.06968641114981633,-0.2787456445992875,0.06968641114983853,-0.4878048780487698,-0.9059233449477344,-1.8815331010452852,0.13937282229965486,-1.533101045296148
binance,METUSDT,2026-08-19T06:39:41.364000+00:00,SINGLE_GATE_FAIL,m1_prebreakout_setup_not_ready,train,0.1794,0.5016722408026641,-0.11148272017837968,-0.3901895206243067,-0.11148272017837968,-2.2296544035674493,-2.1739130434782705,-0.7803790412486133,1.0033444816053505,-0.6688963210702337
binance,EULUSDT,2026-08-19T06:40:15.675000+00:00,SINGLE_GATE_FAIL,m1_prebreakout_setup_not_ready,train,1.247,-0.24057738572574872,-0.8821170809943935,-0.8821170809943935,-0.721732157177235,-0.721732157177235,-0.5613472333600766,0.4811547714514752,0.0801924619085792,-1.122694466720131
binance,MUBARAKUSDT,2026-08-19T06:42:04.542000+00:00,SINGLE_GATE_FAIL,m1_prebreakout_setup_not_ready,train,0.01766,-0.05662514156284937,-0.5662514156285381,-0.11325028312569874,-0.11325028312569874,-0.3397508493771073,-0.1698754246885592,-0.962627406568517,0.1698754246885814,-0.7361268403170862
binance,SOXSBUSDT,2026-08-19T06:43:16.439000+00:00,SINGLE_GATE_FAIL,m1_prebreakout_setup_not_ready,train,45.78,-1.5508955875928376,-1.6382699868938366,-1.7256443861948467,-2.140672782874631,-2.6430755788553917,-1.7256443861948467,-2.3809523809523836,0.0,-2.09698558322412
binance,HEIUSDT,2026-08-19T06:43:16.439000+00:00,SINGLE_GATE_FAIL,m1_prebreakout_setup_not_ready,train,0.1429,-0.839748075577329,0.4898530440867743,0.0,0.20993701889433503,-0.06997900629810427,0.06997900629810427,-1.3995801259622076,0.7697690692792136,-1.1196641007697572
binance,METUSDT,2026-08-19T06:43:52.848000+00:00,SINGLE_GATE_FAIL,buy_pressure_not_confirmed,train,0.1801,-0.8328706274292053,-0.5552470849528035,-0.49972237645753426,-2.831760133259309,-2.2765130483065055,-1.5546918378678498,-1.2215435868961677,0.6107717934480839,-2.99833425874515
binance,EULUSDT,2026-08-19T06:43:52.849000+00:00,SINGLE_GATE_FAIL,m1_prebreakout_setup_not_ready,train,1.244,-0.4823151125401881,-0.6430868167202619,-0.4019292604501512,-0.4823151125401881,-0.2411575562700885,-0.0803858520900258,1.5273311897106012,0.0,-0.8842443729903504
binance,METUSDT,2026-08-19T06:46:15.236000+00:00,SINGLE_GATE_FAIL,m1_prebreakout_setup_not_ready,train,0.1788,0.22371364653244186,0.22371364653244186,-2.1252796420581643,-2.348993288590595,-1.2863534675615185,-0.5592841163310824,-0.4474272930648726,0.4474272930648837,-2.348993288590595
binance,MUBARAKUSDT,2026-08-19T06:46:15.236000+00:00,SINGLE_GATE_FAIL,m1_prebreakout_setup_not_ready,train,0.01763,0.05672149744753163,0.11344299489506326,0.28360748723768037,-0.39705048213273253,-0.39705048213273253,0.11344299489506326,-0.6806579693703796,0.340328984685212,-0.5672149744753274
binance,HEIUSDT,2026-08-19T06:46:53.168000+00:00,SINGLE_GATE_FAIL,m1_prebreakout_setup_not_ready,train,0.1418,1.2693935119887145,0.49365303244004455,0.7052186177715081,0.7757404795486478,0.49365303244004455,0.6346967559943462,-1.3399153737658764,1.5514809590972956,-0.35260930888575404
binance,ZROUSDT,2026-08-19T06:49:16.201000+00:00,SINGLE_GATE_FAIL,m1_prebreakout_setup_not_ready,train,0.829,0.0,0.0,-0.12062726176116367,0.0,0.4825090470446325,0.7237635705669598,0.8443908323281013,0.24125452352232735,-0.24125452352231624
binance,METUSDT,2026-08-19T06:49:53.014000+00:00,SINGLE_GATE_FAIL,m1_prebreakout_setup_not_ready,train,0.1792,-2.1763392857142794,-2.1205357142857095,-2.1205357142857095,-2.064732142857151,-1.0602678571428492,-0.6696428571428603,-0.8370535714285698,0.22321428571430157,-2.5669642857142794
binance,ZROUSDT,2026-08-19T06:52:43.900000+00:00,SINGLE_GATE_FAIL,m1_prebreakout_setup_not_ready,train,0.829,0.0,0.0,-0.12062726176116367,0.24125452352232735,0.3618817852834688,0.8443908323281013,0.965018094089265,0.12062726176116367,-0.24125452352231624
binance,PROMUSDT,2026-08-19T06:52:43.900000+00:00,SINGLE_GATE_FAIL,m1_prebreakout_setup_not_ready,train,1.97,0.20304568527917954,0.10152284263960087,-0.1522842639593902,0.0,0.4060913705583813,1.2690355329949332,1.370558375634534,0.4060913705583813,-0.20304568527919065
binance,METUSDT,2026-08-19T06:55:08.079000+00:00,SINGLE_GATE_FAIL,m1_prebreakout_setup_not_ready,train,0.1754,0.3420752565564289,0.0,0.6271379703534752,1.4823261117445696,1.767388825541616,1.3683010262257822,1.1972633979475455,1.1402508551881407,-0.45610034207524963
binance,HEMIUSDT,2026-08-19T06:55:41.956000+00:00,SINGLE_GATE_FAIL,extreme_24h_range,train,0.00881,1.4755959137343844,0.567536889897835,1.3620885357548351,1.4755959137343844,3.178206583427934,0.9080590238365494,-2.6106696935300766,3.06469920544834,-0.9080590238365494
binance,ZROUSDT,2026-08-19T06:56:52.623000+00:00,SINGLE_GATE_FAIL,m1_prebreakout_setup_not_ready,train,0.829,0.0,0.0,0.4825090470446325,0.4825090470446325,0.6031363088057962,0.4825090470446325,1.2062726176115923,0.6031363088057962,-0.12062726176116367
binance,HEIUSDT,2026-08-19T06:57:28.171000+00:00,SINGLE_GATE_FAIL,m1_prebreakout_setup_not_ready,train,0.1428,-1.4705882352941346,0.07002801120448154,0.0,-0.3501400560224077,-1.9607843137254832,-2.030812324929976,-3.851540616246507,0.42016806722688926,-1.8907563025210128
binance,SOXSBUSDT,2026-08-19T06:58:07.297000+00:00,SINGLE_GATE_FAIL,m1_prebreakout_setup_not_ready,train,44.62,0.6275212909009342,0.8292245629762496,0.8740475123263147,0.38099506947557593,0.156880322725228,0.493052442850761,-0.11205737337516286,0.8740475123263147,-0.11205737337516286
binance,LAUSDT,2026-08-19T06:58:07.297000+00:00,SINGLE_GATE_FAIL,m1_prebreakout_setup_not_ready,train,0.0558,0.0,0.35842293906809264,0.17921146953403522,0.0,0.17921146953403522,-0.5376344086021501,0.7168458781361853,0.35842293906809264,-0.35842293906811484
binance,EULUSDT,2026-08-19T06:59:15.559000+00:00,SINGLE_GATE_FAIL,m1_prebreakout_setup_not_ready,train,1.241,-0.08058017727640143,0.0,0.3223207091055613,0.6446414182111226,2.6591458501208587,1.772763900080565,2.256244963738907,0.5640612409347323,-0.3223207091055613
binance,METUSDT,2026-08-19T06:59:15.559000+00:00,SINGLE_GATE_FAIL,m1_prebreakout_setup_not_ready,train,0.1758,0.3981797497155659,0.8532423208191142,1.1376564277588264,1.2514220705346801,1.0807736063708662,1.0807736063708662,0.682593856655278,1.3651877133105783,-0.22753128555177415
binance,HEIUSDT,2026-08-19T07:00:39.758000+00:00,SINGLE_GATE_FAIL,m1_prebreakout_setup_not_ready,train,0.1421,0.6333567909922566,0.49261083743843415,-0.8444757213230125,-1.407459535538358,-1.4778325123152691,-2.5334271639690265,-2.885292047853616,0.9148486980999238,-1.407459535538358
binance,PROMUSDT,2026-08-19T07:00:39.758000+00:00,SINGLE_GATE_FAIL,m1_prebreakout_setup_not_ready,train,1.967,0.4575495678698527,0.3558718861209842,0.5083884087442758,1.2201321809862664,1.2709710218606896,1.677681748856119,1.321809862735135,0.559227249618699,-0.050838840874434243
binance,SOXSBUSDT,2026-08-19T07:01:54.877000+00:00,SINGLE_GATE_FAIL,m1_prebreakout_setup_not_ready,train,44.74,0.5587840858292337,0.26821636119802594,0.15645954403218365,0.24586499776486637,0.4246759052302096,-0.35762181493071976,-0.5587840858292337,0.603486812695575,0.0
binance,EULUSDT,2026-08-19T07:02:33.994000+00:00,SINGLE_GATE_FAIL,m1_prebreakout_setup_not_ready,train,1.238,0.8077544426494443,0.5654281098546043,1.2116316639741331,2.0193861066235774,2.2617124394184174,1.8578352180936841,2.8271405492730217,1.6155088852988664,0.0
binance,LAUSDT,2026-08-19T07:03:07.581000+00:00,SINGLE_GATE_FAIL,m1_prebreakout_setup_not_ready,train,0.0558,0.0,0.0,0.17921146953403522,0.17921146953403522,-0.5376344086021501,0.17921146953403522,-0.17921146953405742,0.35842293906809264,0.0
binance,HEIUSDT,2026-08-19T07:03:43.243000+00:00,SINGLE_GATE_FAIL,m1_prebreakout_setup_not_ready,train,0.1429,-0.13995801259621965,-1.3995801259622076,-2.0293911826452016,-1.3995801259622076,-2.309307207837652,-3.4989503149055357,-3.6389083275017553,0.3498950314905436,-2.309307207837652
binance,PROMUSDT,2026-08-19T07:03:43.243000+00:00,SINGLE_GATE_FAIL,m1_prebreakout_setup_not_ready,train,1.972,0.10141987829614951,0.2535496957403627,1.0649087221095366,0.40567951318457585,0.9634888438133871,1.3691683569979851,0.8620689655172376,1.2170385395537497,-0.050709939148063654
binance,METUSDT,2026-08-19T07:05:29.729000+00:00,SINGLE_GATE_FAIL,m1_prebreakout_setup_not_ready,train,0.1774,0.3945885005637084,0.6200676437429387,0.2818489289740711,0.22547914317925244,-0.33821871476887866,0.05636978579481866,-1.014656144306647,0.6200676437429387,0.0
binance,EULUSDT,2026-08-19T07:06:41.587000+00:00,SINGLE_GATE_FAIL,m1_prebreakout_setup_not_ready,train,1.248,0.08012820512821595,0.6410256410256387,2.083333333333326,2.083333333333326,1.522435897435881,1.4423076923076872,0.8012820512820484,2.3237179487179516,-0.24038461538460343
binance,SOXSBUSDT,2026-08-19T07:06:41.587000+00:00,SINGLE_GATE_FAIL,m1_prebreakout_setup_not_ready,train,45.01,-0.44434570095532866,-0.35547656076426737,-0.4665629860031162,-0.17773828038213368,-0.9553432570539866,-0.9331259720062102,-1.2219506776271927,0.0,-0.7109531215285458
binance,HEIUSDT,2026-08-19T07:07:19.698000+00:00,SINGLE_GATE_FAIL,m1_prebreakout_setup_not_ready,train,0.1426,-1.7531556802244053,-1.8232819074333717,-1.5427769985974837,-1.8934081346423604,-2.805049088359046,-3.716690042075732,-3.7868162692847207,0.0,-2.3141654978962145
binance,LAUSDT,2026-08-19T07:07:19.698000+00:00,SINGLE_GATE_FAIL,m1_prebreakout_setup_not_ready,train,0.0558,0.17921146953403522,0.0,-0.17921146953405742,0.0,0.7168458781361853,0.7168458781361853,1.0752688172043001,0.35842293906809264,-0.17921146953405742
binance,PROMUSDT,2026-08-19T07:07:55.205000+00:00,SINGLE_GATE_FAIL,m1_prebreakout_setup_not_ready,train,1.976,0.759109311740902,0.9615384615384581,0.809716599190291,0.7085020242914908,1.0627530364372584,1.2145748987854255,0.45546558704454565,1.1639676113360364,-0.05060728744938903
binance,EULUSDT,2026-08-19T07:10:16.843000+00:00,SINGLE_GATE_FAIL,m1_prebreakout_setup_not_ready,train,1.25,1.0399999999999965,2.0000000000000018,1.2799999999999923,1.2799999999999923,1.0399999999999965,2.079999999999993,0.8000000000000007,2.4799999999999933,0.0
binance,METUSDT,2026-08-19T07:10:16.843000+00:00,SINGLE_GATE_FAIL,m1_prebreakout_setup_not_ready,train,0.178,-0.05617977528089568,-0.11235955056178026,0.0,-0.6741573033707704,-0.2808988764044895,-0.5617977528089901,-2.303370786516845,0.2808988764045006,-0.22471910112358273
binance,LAUSDT,2026-08-19T07:10:55.868000+00:00,SINGLE_GATE_FAIL,m1_prebreakout_setup_not_ready,train,0.0558,0.17921146953403522,-0.17921146953405742,-0.5376344086021501,-0.35842293906811484,0.8960573476702427,0.17921146953403522,0.8960573476702427,0.35842293906809264,-0.5376344086021501
binance,EULUSDT,2026-08-19T07:12:05.878000+00:00,BUY,,train,1.258,1.3513513513513375,0.6359300476947549,0.39745627980920517,0.23847376788552754,0.4769475357710551,1.19236883942766,-0.07949125596184992,1.8282988871224148,-0.07949125596184992
binance_futures,EULUSDT,2026-08-19T07:12:06.411726+00:00,BUY,,train,1.2562,1.257761502945387,0.5572361088998612,0.3104601178156363,0.3104601178156363,0.49355198216844975,1.2020378920554187,0.1592103168285286,1.8786817385766597,-0.12736825346282288
binance,PROMUSDT,2026-08-19T07:12:43.055000+00:00,SINGLE_GATE_FAIL,m1_prebreakout_setup_not_ready,train,1.994,-0.10030090270812808,-0.20060180541624506,0.30090270812437314,0.15045135406219767,0.30090270812437314,-0.4513540621865597,0.4012036108324901,0.5015045135406293,-0.8525576730190498
binance,HEMIUSDT,2026-08-19T07:12:43.055000+00:00,SINGLE_GATE_FAIL,extreme_24h_range,train,0.00891,-0.22446689113354568,-2.581369248035903,-1.0101010101010055,-2.244668911335568,-6.172839506172845,-6.060606060606045,-5.274971941638606,0.6734006734006925,-3.479236812570141
binance,EULUSDT,2026-08-19T07:13:16.344000+00:00,SINGLE_GATE_FAIL,lob_pattern_blocked_momentum_continuation,train,1.264,0.7911392405063333,-0.07911392405064444,0.15822784810126667,-0.2373417721519111,0.07911392405062223,0.39556962025315556,-1.1075949367088667,1.3449367088607556,-0.5537974683544444
binance,ZROUSDT,2026-08-19T07:13:53.062000+00:00,SINGLE_GATE_FAIL,m1_prebreakout_setup_not_ready,train,0.836,-0.3588516746411474,0.0,0.0,0.23923444976077235,-0.11961722488038617,0.23923444976077235,-0.4784688995215336,0.23923444976077235,-0.4784688995215336
binance,EULUSDT,2026-08-19T07:14:29.513000+00:00,SINGLE_GATE_FAIL,m1_prebreakout_setup_not_ready,train,1.264,0.15822784810126667,-0.07911392405064444,-0.2373417721519111,0.15822784810126667,0.39556962025315556,0.5537974683544222,-1.1075949367088667,1.3449367088607556,-0.5537974683544444
binance,SOXSBUSDT,2026-08-19T07:15:41.163000+00:00,SINGLE_GATE_FAIL,m1_prebreakout_setup_not_ready,train,44.93,-0.20031159581570535,-0.6899621633652431,-0.7789895392833368,-0.9347874471399953,-0.9570442911195132,-1.1573558869352407,-1.2908969508123702,0.11128421989761161,-1.0015579790785711
binance,METUSDT,2026-08-19T07:16:19.727000+00:00,SINGLE_GATE_FAIL,m1_prebreakout_setup_not_ready,train,0.1778,-0.05624296962880582,-0.5061867266591746,-0.22497187851518996,-0.16872890888640635,-0.8436445444319429,-1.3498312710911176,-2.4184476940382615,0.11248593925758943,-0.5624296962879693
binance,PROMUSDT,2026-08-19T07:16:19.727000+00:00,SINGLE_GATE_FAIL,m1_prebreakout_setup_not_ready,train,1.991,0.10045203415369741,0.0,0.40180813661476744,0.20090406830737262,-0.30135610246107003,-0.30135610246107003,0.753390256152664,0.7031642390758375,-0.10045203415368631
binance,LAUSDT,2026-08-19T07:17:30.264000+00:00,SINGLE_GATE_FAIL,m1_prebreakout_setup_not_ready,train,0.0558,-0.35842293906811484,0.7168458781361853,0.8960573476702427,0.7168458781361853,-0.17921146953405742,1.0752688172043001,0.7168458781361853,0.8960573476702427,-0.5376344086021501
binance,ZROUSDT,2026-08-19T07:18:07.949000+00:00,SINGLE_GATE_FAIL,m1_prebreakout_setup_not_ready,train,0.835,0.11976047904191933,0.359281437125758,0.4790419161676551,0.0,0.359281437125758,0.0,-0.23952095808382756,0.5988023952095745,-0.11976047904191933
binance,EULUSDT,2026-08-19T07:20:33.611000+00:00,SINGLE_GATE_FAIL,m1_prebreakout_setup_not_ready,train,1.262,-0.07923930269414514,0.07923930269413404,0.23771790808240212,1.1093502377178988,0.0,-0.15847860538826808,-1.5847860538827252,0.5546751188589383,-0.15847860538826808
binance,PROMUSDT,2026-08-19T07:21:40.506000+00:00,SINGLE_GATE_FAIL,m1_prebreakout_setup_not_ready,train,2.002,-0.09990009990008542,-0.34965034965033226,-0.4995004995004937,-0.849150849150837,-0.849150849150837,0.09990009990010762,-0.6493506493506329,0.14985014985016143,-0.5494505494505364
binance,ZROUSDT,2026-08-19T07:21:40.506000+00:00,SINGLE_GATE_FAIL,m1_prebreakout_setup_not_ready,train,0.836,0.23923444976077235,0.3588516746411585,0.11961722488038617,0.3588516746411585,0.0,-0.3588516746411474,-0.7177033492822948,0.4784688995215225,-0.23923444976076125
binance,LAUSDT,2026-08-19T07:23:35.804000+00:00,SINGLE_GATE_FAIL,m1_prebreakout_setup_not_ready,train,0.0562,0.1779359430605032,0.0,-0.5338078291814985,-0.8896797153024938,0.1779359430605032,-0.3558718861209953,0.0,0.1779359430605032,-0.8896797153024938
binance,EULUSDT,2026-08-19T07:23:35.804000+00:00,SINGLE_GATE_FAIL,m1_prebreakout_setup_not_ready,train,1.262,0.31695721077653616,0.23771790808240212,1.0301109350237647,0.5546751188589383,-0.8716323296355077,-0.9508716323296418,-1.1093502377179099,1.1885895404120328,-0.15847860538826808
binance,ZROUSDT,2026-08-19T07:24:44.524000+00:00,SINGLE_GATE_FAIL,m1_prebreakout_setup_not_ready,train,0.837,-0.11947431302270495,0.0,0.11947431302270495,-0.11947431302270495,-0.11947431302270495,-0.8363201911589013,-1.194743130227005,0.4778972520907976,-0.35842293906810374
binance,METUSDT,2026-08-19T07:25:16.447000+00:00,SINGLE_GATE_FAIL,m1_prebreakout_setup_not_ready,train,0.1775,-0.11267605633801248,-0.28169014084507005,-0.6760563380281526,-1.0704225352112573,-2.028169014084502,-2.422535211267607,-2.591549295774642,0.0,-0.9014084507042219
binance,ZROUSDT,2026-08-19T07:25:53.674000+00:00,BUY,,train,0.838,-0.35799522673031214,-0.11933174224343368,0.0,-0.23866348448687846,-0.7159904534606243,-0.9546539379474916,-1.1933174224343701,0.35799522673030104,-0.4773269689737458
binance,SOXSBUSDT,2026-08-19T07:25:53.674000+00:00,SINGLE_GATE_FAIL,m1_prebreakout_setup_not_ready,train,44.5,0.15730337078652123,0.0,-0.29213483146067754,-0.20224719101124,0.4719101123595415,-0.3370786516853852,-0.38202247191011507,0.2022471910112511,-0.31460674157303137
binance_futures,ZROUSDT,2026-08-19T07:25:54.193640+00:00,BUY,,train,0.8361,-0.3588087549336261,0.03588087549337704,0.059801459155606196,-0.10764262648007561,-0.586054299724903,-0.8731013036718083,-1.0525056811386047,0.5023322569070787,-0.47841167324482736
binance,LAUSDT,2026-08-19T07:27:40.292000+00:00,SINGLE_GATE_FAIL,m1_prebreakout_setup_not_ready,train,0.0562,-0.5338078291814985,-0.8896797153024938,-0.3558718861209953,0.3558718861209842,-0.3558718861209953,0.0,-0.1779359430605032,0.0,-0.8896797153024938
binance,ZROUSDT,2026-08-19T07:28:16.757000+00:00,SINGLE_GATE_FAIL,buy_pressure_not_confirmed,train,0.836,0.3588516746411585,0.23923444976077235,0.0,-0.11961722488038617,-0.4784688995215336,-0.3588516746411474,-0.837320574162681,0.5980861244019087,-0.23923444976076125
binance,ZROUSDT,2026-08-19T07:31:15.720000+00:00,SINGLE_GATE_FAIL,m1_prebreakout_setup_not_ready,train,0.837,-0.11947431302270495,-0.11947431302270495,-0.2389486260453988,-0.4778972520907976,-0.5973715651135025,-0.8363201911589013,-0.4778972520907976,0.4778972520907976,-0.7168458781361964
binance,SOXSBUSDT,2026-08-19T07:31:53.722000+00:00,SINGLE_GATE_FAIL,m1_prebreakout_setup_not_ready,train,44.49,-0.17981568891887179,-0.06743088334457692,0.4045853000674393,0.494493144526853,-0.3146774556080034,-0.2697235333782966,-1.663295122499442,0.494493144526853,-0.29220049449315555
binance,EULUSDT,2026-08-19T07:31:53.722000+00:00,SINGLE_GATE_FAIL,m1_prebreakout_setup_not_ready,train,1.275,-0.31372549019608176,-1.3333333333333308,-1.6470588235294015,-1.3333333333333308,-1.9607843137254832,-2.274509803921565,-2.5882352941176356,0.15686274509802978,-1.9607843137254832
binance,LAUSDT,2026-08-19T07:33:08.611000+00:00,SINGLE_GATE_FAIL,m1_prebreakout_setup_not_ready,train,0.0557,0.7181328545780907,1.0771992818671583,1.0771992818671583,0.538599640933568,0.538599640933568,0.8976660682226134,0.17953321364452268,1.4362657091562037,0.0
binance,ZROUSDT,2026-08-19T07:34:16.956000+00:00,SINGLE_GATE_FAIL,m1_prebreakout_setup_not_ready,train,0.837,-0.2389486260453988,-0.11947431302270495,-0.4778972520907976,-0.8363201911589013,-0.4778972520907976,-1.194743130227005,-0.9557945041816063,0.11947431302270495,-0.7168458781361964
binance,SOXSBUSDT,2026-08-19T07:37:25.487000+00:00,SINGLE_GATE_FAIL,m1_prebreakout_setup_not_ready,train,44.46,0.5623031938821521,0.6747638326585648,-0.24741340530813893,-0.24741340530813893,-0.29239766081872176,-1.0346378767431386,-2.9689608636977116,0.6747638326585648,-0.24741340530813893
binance,LAUSDT,2026-08-19T07:37:52.753000+00:00,SINGLE_GATE_FAIL,m1_prebreakout_setup_not_ready,train,0.0561,0.35650623885918886,-0.17825311942958333,0.0,0.17825311942960553,0.0,0.0,-1.2477718360071277,0.7130124777183777,-0.35650623885917776
binance,EULUSDT,2026-08-19T07:38:29.181000+00:00,SINGLE_GATE_FAIL,m1_prebreakout_setup_not_ready,train,1.251,0.5595523581135131,-0.07993605115906854,-0.07993605115906854,-0.3197442046362742,-0.23980815347720563,-0.7993605115907076,-2.078337330135871,0.7194244604316724,-0.3197442046362742
binance,ZROUSDT,2026-08-19T07:40:17.786000+00:00,SINGLE_GATE_FAIL,m1_prebreakout_setup_not_ready,train,0.836,-0.4784688995215336,-0.7177033492822948,-0.3588516746411474,-0.4784688995215336,-0.9569377990430672,-0.7177033492822948,-0.23923444976076125,0.0,-0.7177033492822948
binance,LAUSDT,2026-08-19T07:42:04.234000+00:00,SINGLE_GATE_FAIL,m1_prebreakout_setup_not_ready,train,0.056,0.17857142857142794,0.3571428571428559,0.0,0.17857142857142794,0.17857142857142794,0.0,-0.3571428571428559,0.3571428571428559,-0.17857142857143904
binance,EULUSDT,2026-08-19T07:42:04.235000+00:00,SINGLE_GATE_FAIL,m1_prebreakout_setup_not_ready,train,1.258,-0.3974562798092274,-0.7949125596184436,-1.3513513513513487,-0.8744038155802825,-1.3513513513513487,-1.8282988871224148,-2.0667726550079535,0.15898251192367763,-2.30524642289347
binance,SOXSBUSDT,2026-08-19T07:44:28.535000+00:00,SINGLE_GATE_FAIL,m1_prebreakout_setup_not_ready,train,44.51,-0.3594697820714421,-0.20220175241517646,-0.4044035048303751,-0.4044035048303751,-1.3929454055268464,-3.2127611772635345,-2.651089642776905,0.0,-0.42687036620983054
binance,EULUSDT,2026-08-19T07:46:52.498000+00:00,SINGLE_GATE_FAIL,m1_prebreakout_setup_not_ready,train,1.253,-0.9577015163607205,-0.5586592178770888,-0.3990422984836317,-0.718276137270546,-0.8778930566640031,-1.596169193934538,-1.755786113327995,0.0,-1.9154030327214522
binance,PROMUSDT,2026-08-19T07:47:28.324000+00:00,SINGLE_GATE_FAIL,m1_prebreakout_setup_not_ready,train,2.005,-0.5985037406483706,-0.5486284289276777,-0.29925187032417977,-0.4987531172069737,-0.8478802992518686,-1.5960099750623291,2.14463840399004,0.39900249376558783,-0.9476309226932655
binance,ZROUSDT,2026-08-19T07:48:42.875000+00:00,SINGLE_GATE_FAIL,m1_prebreakout_setup_not_ready,train,0.833,-0.36014405762304635,-0.600240096038418,-0.4801920768307322,-0.4801920768307322,-0.600240096038418,-0.12004801920768582,0.0,0.12004801920768582,-0.7202881152461038
binance,LAUSDT,2026-08-19T07:51:07.746000+00:00,SINGLE_GATE_FAIL,m1_prebreakout_setup_not_ready,train,0.056,0.3571428571428559,0.0,0.0,0.17857142857142794,-0.8928571428571397,-0.3571428571428559,0.17857142857142794,0.3571428571428559,0.0
binance,PROMUSDT,2026-08-19T07:51:43.280000+00:00,SINGLE_GATE_FAIL,m1_prebreakout_setup_not_ready,train,1.99,0.050251256281419465,0.10050251256281673,0.1507537688442362,-0.2512562814070307,-0.35175879396984744,0.2512562814070307,2.3618090452261375,0.5527638190954809,-0.3015075376884391
binance,ZROUSDT,2026-08-19T07:52:15.882000+00:00,SINGLE_GATE_FAIL,m1_prebreakout_setup_not_ready,train,0.831,-0.3610108303249149,-0.12033694344163459,-0.12033694344163459,-0.12033694344163459,0.1203369434416457,0.1203369434416457,0.1203369434416457,0.24067388688326918,-0.48134777376654947
binance,EULUSDT,2026-08-19T07:53:29.838000+00:00,SINGLE_GATE_FAIL,m1_prebreakout_setup_not_ready,train,1.247,-0.24057738572574872,-0.48115477145148633,-0.4009623095429071,-1.042502004811563,-1.7642341619887758,-0.9623095429029727,0.1603849238171584,0.1603849238171584,-1.042502004811563
binance,ZROUSDT,2026-08-19T07:56:28.861000+00:00,SINGLE_GATE_FAIL,m1_prebreakout_setup_not_ready,train,0.828,0.24154589371980784,0.6038647342995196,0.12077294685990392,0.48309178743961567,0.7246376811594235,0.48309178743961567,0.8454106280193274,0.6038647342995196,-0.12077294685990392
binance,LAUSDT,2026-08-19T07:57:05.233000+00:00,SINGLE_GATE_FAIL,m1_prebreakout_setup_not_ready,train,0.0561,0.17825311942960553,-0.17825311942958333,-0.5347593582887611,-1.2477718360071277,-0.5347593582887611,0.17825311942960553,0.0,0.17825311942960553,-1.2477718360071277
binance,PROMUSDT,2026-08-19T07:58:16.875000+00:00,SINGLE_GATE_FAIL,m1_prebreakout_setup_not_ready,train,1.995,-0.5012531328320802,-0.5012531328320802,-0.25062656641604564,-0.6516290726817142,0.8020050125313372,4.611528822055133,2.2556390977443552,0.05012531328321135,-1.102756892230572
binance,EULUSDT,2026-08-19T07:59:31.706000+00:00,SINGLE_GATE_FAIL,m1_prebreakout_setup_not_ready,train,1.242,-0.5636070853462072,-0.7246376811594124,-0.8856682769726176,-1.3687600644122333,-0.6441223832528209,-0.9661835748792313,0.48309178743961567,0.24154589371980784,-1.7713365539452464
binance,HEMIUSDT,2026-08-19T08:00:03.893000+00:00,SINGLE_GATE_FAIL,extreme_24h_range,train,0.00855,-1.2865497076023469,-1.637426900584793,-0.8187134502924076,1.754385964912264,0.9356725146198785,-2.1052631578947323,-2.3391812865497186,0.9356725146198785,-2.5730994152046716
binance,ZROUSDT,2026-08-19T08:00:03.893000+00:00,SINGLE_GATE_FAIL,m1_prebreakout_setup_not_ready,train,0.831,-0.3610108303249149,0.1203369434416457,0.1203369434416457,0.3610108303249149,-0.12033694344163459,0.3610108303249149,0.1203369434416457,0.3610108303249149,-0.48134777376654947
binance,LAUSDT,2026-08-19T08:01:31.920000+00:00,SINGLE_GATE_FAIL,m1_prebreakout_setup_not_ready,train,0.056,-0.3571428571428559,-0.8928571428571397,-0.8928571428571397,-0.3571428571428559,-0.17857142857143904,0.17857142857142794,0.3571428571428559,0.17857142857142794,-1.0714285714285787
binance,PROMUSDT,2026-08-19T08:01:31.920000+00:00,SINGLE_GATE_FAIL,m1_prebreakout_setup_not_ready,train,1.994,-0.5516549648946767,-0.5516549648946767,-0.20060180541624506,0.05015045135405849,1.153460381143434,2.1564694082246705,3.3099297893681046,0.25075225677031465,-1.053159478435306
binance,MUBARAKUSDT,2026-08-19T08:03:16.661000+00:00,SINGLE_GATE_FAIL,m1_prebreakout_setup_not_ready,train,0.01796,0.7238307349665796,0.11135857461024301,0.0,-0.27839643652561863,-0.38975501113586164,-0.44543429844098315,-0.22271714922049712,1.1692650334075738,-0.5567928730512262
binance,PUMPUSDT,2026-08-19T08:03:16.661000+00:00,SINGLE_GATE_FAIL,m1_prebreakout_setup_not_ready,train,0.002983,0.1340931947703794,0.0,-0.03352329869259485,-0.03352329869259485,0.43580288300368863,0.6704659738518304,0.10056989607776234,0.2011397921555469,-0.2011397921555469
binance,MUBARAKUSDT,2026-08-19T08:03:57.011000+00:00,BUY,,train,0.01796,0.7238307349665796,0.11135857461024301,0.22271714922048602,-0.27839643652561863,-0.38975501113586164,-0.44543429844098315,-0.22271714922049712,1.1692650334075738,-0.5567928730512262
binance_futures,MUBARAKUSDT,2026-08-19T08:03:57.729746+00:00,BUY,,train,0.01795,0.6128133704735417,0.0,0.11142061281337323,-0.3342618384401197,-0.4456824512534818,-0.557103064066844,-0.22284122562674646,1.0027855153203369,-0.6128133704735306
binance,MUBARAKUSDT,2026-08-19T08:04:29.483000+00:00,SINGLE_GATE_FAIL,lob_spoof,train,0.01795,-0.11142061281336213,0.22284122562672426,0.16713091922004875,-0.4456824512534818,-0.3342618384401197,-0.2785515320334331,-0.055710306406686616,1.2256267409470611,-0.6128133704735306
binance,ZROUSDT,2026-08-19T08:05:05.685000+00:00,SINGLE_GATE_FAIL,m1_prebreakout_setup_not_ready,train,0.83,0.24096385542169418,0.48192771084336616,0.24096385542169418,0.0,0.48192771084336616,0.6024096385542244,0.48192771084336616,0.6024096385542244,-0.24096385542168308
binance,LAUSDT,2026-08-19T08:05:42.668000+00:00,SINGLE_GATE_FAIL,m1_prebreakout_setup_not_ready,train,0.0558,-0.5376344086021501,-0.5376344086021501,0.0,-0.17921146953405742,0.5376344086021501,1.4336917562723928,0.8960573476702427,0.0,-0.7168458781362075
binance,PROMUSDT,2026-08-19T08:06:56.116000+00:00,SINGLE_GATE_FAIL,m1_prebreakout_setup_not_ready,train,1.987,0.15098137896325525,0.4026170105686955,1.0568696527428312,1.509813789632597,2.5163563160543356,2.5163563160543356,3.321590337191749,1.7111222949169447,-0.7045797684952171
binance,PUMPUSDT,2026-08-19T08:07:30.509000+00:00,SINGLE_GATE_FAIL,buy_pressure_not_confirmed,train,0.002987,-0.16739203213927967,-0.2008704385671245,-0.23434884499498043,-0.13391362571142373,0.5356545028456727,0.43521928356209383,-0.1004352192835567,0.06695681285571187,-0.33478406427853713
binance,MUBARAKUSDT,2026-08-19T08:07:30.509000+00:00,SINGLE_GATE_FAIL,buy_pressure_not_confirmed,train,0.01808,-0.6637168141592875,-0.5530973451327359,-0.8849557522123908,-0.8849557522123908,-0.9955752212389313,-1.382743362831862,-0.774336283185828,0.0,-1.327433628318564
binance,PUMPUSDT,2026-08-19T08:08:06.500000+00:00,BUY,,train,0.002987,-0.26782725142283637,-0.16739203213927967,-0.23434884499498043,0.3013056578506923,0.5356545028456727,0.033478406427867036,-0.13391362571142373,0.0,-0.33478406427853713
binance_futures,PUMPUSDT,2026-08-19T08:08:07.039083+00:00,BUY,,train,0.002983,-0.2681863895407255,-0.10056989607777345,-0.2011397921555469,0.30170968823330924,0.5698960777740458,0.0670465973851675,-0.03352329869259485,0.03352329869259485,-0.3352329869259152
binance,LAUSDT,2026-08-19T08:08:43.534000+00:00,SINGLE_GATE_FAIL,m1_prebreakout_setup_not_ready,train,0.0554,0.7220216606498298,0.7220216606498298,0.902527075812265,1.8050541516245522,1.6245487364620947,1.2635379061371799,1.6245487364620947,1.6245487364620947,0.0
binance,ZROUSDT,2026-08-19T08:09:53.422000+00:00,SINGLE_GATE_FAIL,m1_prebreakout_setup_not_ready,train,0.833,-0.12004801920768582,-0.600240096038418,0.12004801920768582,0.0,-0.12004801920768582,-0.12004801920768582,0.4801920768307433,0.24009603841537164,-0.600240096038418
binance,PUMPUSDT,2026-08-19T08:09:53.422000+00:00,SINGLE_GATE_FAIL,m1_prebreakout_setup_not_ready,train,0.002983,-0.0670465973851786,0.0670465973851675,0.0,0.7710358699295927,0.6034193764666407,-0.0670465973851786,-0.10056989607777345,0.536372779081451,-0.2011397921555469
binance,MUBARAKUSDT,2026-08-19T08:10:30.657000+00:00,SINGLE_GATE_FAIL,m1_prebreakout_setup_not_ready,train,0.01797,-0.33388981636061077,-0.27824151363383676,-0.4451864218141366,-0.11129660545352582,-1.001669449081799,-0.3895381190873737,0.22259321090707385,0.27824151363384786,-0.7234279354479622
binance,LAUSDT,2026-08-19T08:12:16.173000+00:00,SINGLE_GATE_FAIL,m1_prebreakout_setup_not_ready,train,0.0558,-0.17921146953405742,0.7168458781361853,0.5376344086021501,0.5376344086021501,0.5376344086021501,0.8960573476702427,1.0752688172043001,1.4336917562723928,-0.17921146953405742
binance,PUMPUSDT,2026-08-19T08:13:28.458000+00:00,SINGLE_GATE_FAIL,m1_prebreakout_setup_not_ready,train,0.00298,0.03355704697987072,0.5369127516778427,0.9060402684563762,0.7718120805369155,0.26845637583894355,0.2013422818792021,0.26845637583894355,1.1073825503355783,-0.06711409395973034
binance,ZROUSDT,2026-08-19T08:14:05.867000+00:00,SINGLE_GATE_FAIL,m1_prebreakout_setup_not_ready,train,0.831,0.3610108303249149,0.24067388688326918,0.24067388688326918,0.1203369434416457,0.1203369434416457,0.1203369434416457,0.8423586040914532,0.48134777376653837,-0.3610108303249149
binance,MUBARAKUSDT,2026-08-19T08:14:05.867000+00:00,SINGLE_GATE_FAIL,m1_prebreakout_setup_not_ready,train,0.0179,0.11173184357542443,-0.055865921787712214,-0.22346368715082665,0.0,-0.4469273743016755,0.22346368715084886,0.3910614525139744,0.4469273743016755,-0.5586592178770888
binance,PROMUSDT,2026-08-19T08:14:43.254000+00:00,SINGLE_GATE_FAIL,m1_prebreakout_setup_not_ready,train,2.007,2.042850024912801,2.640757349277534,1.8933731938216125,2.0926756352765308,2.142501245640238,1.6442451420029869,1.5445939212755277,5.829596412556048,-0.04982561036374067
binance,HEMIUSDT,2026-08-19T08:14:43.254000+00:00,SINGLE_GATE_FAIL,extreme_24h_range,train,0.00881,-5.107832009080604,-4.653802497162318,-6.015891032917153,-5.561861520998878,-5.221339387060164,-3.9727582292849006,-2.8376844494892195,0.22701475595912068,-7.83200908059023
binance,PUMPUSDT,2026-08-19T08:16:28.749000+00:00,SINGLE_GATE_FAIL,m1_band_width_not_expanding,train,0.002981,0.8386447500838612,0.8721905400872254,0.6709158000670845,0.6373700100637425,-0.30191211003020024,0.06709158000670623,0.2012747400201187,1.073465280107344,0.0
binance,ZROUSDT,2026-08-19T08:17:07.097000+00:00,SINGLE_GATE_FAIL,m1_prebreakout_setup_not_ready,train,0.832,0.24038461538462563,0.0,0.0,0.36057692307691624,0.12019230769231282,0.36057692307691624,0.9615384615384581,0.36057692307691624,0.0
binance,LAUSDT,2026-08-19T08:17:41.852000+00:00,SINGLE_GATE_FAIL,m1_prebreakout_setup_not_ready,train,0.0559,0.3577817531305927,0.3577817531305927,1.2522361359570633,0.3577817531305927,0.7155635062611854,0.7155635062611854,0.5366726296958779,1.2522361359570633,0.0
binance,PUMPUSDT,2026-08-19T08:17:41.852000+00:00,SINGLE_GATE_FAIL,m1_prebreakout_setup_not_ready,train,0.002982,0.8383635144198598,0.7042253521126751,0.5700871898055127,0.6036217303823088,-0.4024144869215207,0.06706908115359234,0.1006036217303885,1.0395707578806146,-0.033534540576785066
binance,MUBARAKUSDT,2026-08-19T08:19:28.737000+00:00,SINGLE_GATE_FAIL,m1_prebreakout_setup_not_ready,train,0.0179,0.0,0.0,-0.3910614525139744,-0.4469273743016755,0.22346368715084886,0.5027932960893766,0.27932960893854997,0.3910614525139744,-0.8379888268156499
binance,PUMPUSDT,2026-08-19T08:21:16.119000+00:00,SINGLE_GATE_FAIL,m1_prebreakout_setup_not_ready,train,0.003007,-0.19953441968739716,-0.2327901563019652,-0.6318589956767484,-1.163950781509826,-0.7981376787495886,-0.6651147322913165,-0.9976720984369858,0.06651147322913609,-1.263717991353519
binance,LAUSDT,2026-08-19T08:21:54.511000+00:00,SINGLE_GATE_FAIL,m1_prebreakout_setup_not_ready,train,0.0561,0.5347593582887722,0.5347593582887722,-0.17825311942958333,0.17825311942960553,0.35650623885918886,0.5347593582887722,0.17825311942960553,0.891265597147961,-0.35650623885917776
binance,PUMPUSDT,2026-08-19T08:22:29.882000+00:00,BUY,,train,0.003007,-0.26604589291653324,-0.2327901563019652,-1.0974393082806788,-1.230462254738951,-0.7648819421350206,-0.7648819421350206,-0.9976720984369858,0.0,-1.263717991353519
binance_futures,PUMPUSDT,2026-08-19T08:22:30.394091+00:00,BUY,,train,0.003003,-0.29970029970030065,-0.16650016650017196,-1.0656010656010628,-1.2654012654012559,-0.6660006660006657,-0.73260073260073,-0.9657009657009663,0.033300033300043275,-1.2987012987012991
binance,MUBARAKUSDT,2026-08-19T08:23:42.436000+00:00,SINGLE_GATE_FAIL,m1_prebreakout_setup_not_ready,train,0.01792,-0.8370535714285587,-0.33482142857141906,0.055803571428580945,0.0,0.390625,0.11160714285716189,-0.16741071428570953,0.33482142857144126,-0.9486607142857095
binance,PROMUSDT,2026-08-19T08:24:52.258000+00:00,SINGLE_GATE_FAIL,m1_prebreakout_setup_not_ready,train,2.05,-0.14634146341462317,0.0,-0.09756097560974508,-0.4878048780487698,-0.8292682926829276,-0.5853658536585371,0.43902439024392503,1.2195121951219745,-0.8780487804877946
binance,PUMPUSDT,2026-08-19T08:24:52.258000+00:00,SINGLE_GATE_FAIL,m1_prebreakout_setup_not_ready,train,0.003002,-0.06662225183210468,-0.6995336442371713,-1.065956029313786,-0.532978014656893,-0.7328447701532292,-0.4663557628247772,-0.8994003997334965,0.0,-1.1658894070619596
binance,EULUSDT,2026-08-19T08:26:04.082000+00:00,SINGLE_GATE_FAIL,m1_prebreakout_setup_not_ready,train,1.253,-0.3990422984836317,-0.7980845969672634,-0.7980845969672634,-0.7980845969672634,-1.9154030327214522,-1.8355945730247347,-2.7932960893854664,0.0,-1.037509976057449
binance,EULUSDT,2026-08-19T08:26:43.786000+00:00,BUY,,train,1.253,-0.3990422984836317,-0.7980845969672634,-0.8778930566640031,-0.7980845969672634,-1.9154030327214522,-1.8355945730247347,-2.7932960893854664,0.0,-1.037509976057449
binance_futures,EULUSDT,2026-08-19T08:26:44.475160+00:00,BUY,,train,1.2528,-0.4709450830140516,-0.8620689655172376,-0.9658365261813517,-0.8860153256704861,-1.9157088122605415,-1.8997445721583461,-2.95338441890165,0.0,-1.1254789272030608
binance,EULUSDT,2026-08-19T08:27:15.988000+00:00,SINGLE_GATE_FAIL,buy_pressure_not_confirmed,train,1.253,-0.6384676775738063,-0.7980845969672634,-0.8778930566640031,-0.8778930566640031,-1.9154030327214522,-1.755786113327995,-3.032721468475641,0.0,-1.037509976057449
binance,LAUSDT,2026-08-19T08:27:55.992000+00:00,SINGLE_GATE_FAIL,m1_prebreakout_setup_not_ready,train,0.0564,-0.7092198581560294,-0.17730496453900457,-0.17730496453900457,-0.17730496453900457,0.0,-0.35460992907800915,-0.7092198581560294,0.0,-0.886524822695034
binance,PUMPUSDT,2026-08-19T08:27:55.992000+00:00,SINGLE_GATE_FAIL,m1_prebreakout_setup_not_ready,train,0.002999,-0.8336112037345744,-0.9669889963321077,-0.566855618539519,-0.5001667222407358,-0.5001667222407358,-0.4668222740913719,-0.7002334111370412,0.10003334444814715,-1.0670223407802548
binance,PROMUSDT,2026-08-19T08:29:42.581000+00:00,SINGLE_GATE_FAIL,m1_prebreakout_setup_not_ready,train,2.043,0.24473813020067237,-0.1468428781204123,-0.24473813020070567,-0.48947626040137804,-0.24473813020070567,0.09789525208026006,0.538423886441497,1.566324033284383,-0.8810572687224738
binance,SANTOSUSDT,2026-08-19T08:29:42.581000+00:00,SINGLE_GATE_FAIL,m1_prebreakout_setup_not_ready,train,0.489,-0.8179959100204526,-0.2044989775051076,0.0,0.0,-1.0224948875255602,-0.4089979550102263,-1.4314928425357865,1.0224948875255713,-0.8179959100204526
binance,ZROUSDT,2026-08-19T08:31:29.050000+00:00,SINGLE_GATE_FAIL,m1_prebreakout_setup_not_ready,train,0.831,0.1203369434416457,0.24067388688326918,0.7220216606498298,0.8423586040914532,0.9626955475330989,0.8423586040914532,0.7220216606498298,0.8423586040914532,0.0
binance,PROMUSDT,2026-08-19T08:33:16.014000+00:00,SINGLE_GATE_FAIL,m1_prebreakout_setup_not_ready,train,2.049,0.19521717911177294,-0.6832601268911609,-0.7808687164470474,-0.048804294777937685,-0.2928257686676372,0.341630063445586,1.171303074670571,0.24402147388968842,-1.171303074670571
binance,PUMPUSDT,2026-08-19T08:35:07.626000+00:00,SINGLE_GATE_FAIL,m1_prebreakout_setup_not_ready,train,0.002987,-0.13391362571142373,-0.23434884499498043,-0.1004352192835567,-0.06695681285571187,-0.2008704385671245,-0.26782725142283637,-0.26782725142283637,0.16739203213926857,-0.26782725142283637
binance,ZROUSDT,2026-08-19T08:35:07.626000+00:00,SINGLE_GATE_FAIL,m1_prebreakout_setup_not_ready,train,0.832,0.6009615384615419,0.7211538461538547,0.7211538461538547,0.6009615384615419,0.6009615384615419,0.6009615384615419,0.24038461538462563,0.9615384615384581,0.0
binance,LAUSDT,2026-08-19T08:35:41.903000+00:00,SINGLE_GATE_FAIL,m1_prebreakout_setup_not_ready,train,0.0562,0.1779359430605032,0.1779359430605032,0.1779359430605032,0.1779359430605032,0.0,-0.1779359430605032,0.7117437722419906,0.3558718861209842,0.0
binance,MUBARAKUSDT,2026-08-19T08:36:15.742000+00:00,SINGLE_GATE_FAIL,m1_prebreakout_setup_not_ready,train,0.01793,0.3346346904628872,0.3904071388733721,0.0557724484104849,-0.3346346904629205,-0.2788622420524356,0.7250418293363037,0.3904071388733721,0.6692693809258188,-0.2788622420524356
binance,ZROUSDT,2026-08-19T08:38:40.635000+00:00,SINGLE_GATE_FAIL,m1_prebreakout_setup_not_ready,train,0.835,0.359281437125758,0.4790419161676551,0.4790419161676551,0.4790419161676551,0.23952095808383866,0.23952095808383866,-0.11976047904191933,0.8383233532934131,0.0
binance,PROMUSDT,2026-08-19T08:39:16.276000+00:00,SINGLE_GATE_FAIL,m1_prebreakout_setup_not_ready,train,2.039,0.0,-0.04904364884749102,0.4413928396272526,0.2942618930848351,0.9808729769494873,0.7356547327120877,1.029916625796945,0.68661108386463,-0.3433055419323261
binance,MUBARAKUSDT,2026-08-19T08:39:53.875000+00:00,SINGLE_GATE_FAIL,m1_prebreakout_setup_not_ready,train,0.01799,-0.22234574763756454,-0.11117287381878782,-0.22234574763756454,-0.22234574763756454,-0.3891050583657574,0.5002779321845452,1.0005558643690904,0.33351862145636346,-0.7226236798221097
binance,ZROUSDT,2026-08-19T08:39:53.875000+00:00,SINGLE_GATE_FAIL,lob_pattern_blocked_momentum_continuation,train,0.836,0.23923444976077235,0.23923444976077235,0.4784688995215225,0.23923444976077235,0.0,0.11961722488038617,-0.23923444976076125,0.7177033492822948,0.0
binance,ZROUSDT,2026-08-19T08:41:55.732000+00:00,SINGLE_GATE_FAIL,buy_pressure_not_confirmed,train,0.839,-0.11918951132300348,0.0,-0.11918951132300348,-0.11918951132300348,-0.23837902264600697,-0.23837902264600697,-0.35756853396901045,0.35756853396902155,-0.35756853396901045
binance,MUBARAKUSDT,2026-08-19T08:42:30.818000+00:00,SINGLE_GATE_FAIL,lob_pattern_blocked_momentum_continuation,train,0.01799,-0.33351862145635236,-0.22234574763756454,-0.3891050583657574,-0.4446914952751513,0.6114508060033552,0.27793218454696955,1.3340744858254538,0.05558643690939391,-0.7226236798221097
binance,MUBARAKUSDT,2026-08-19T08:43:04.726000+00:00,BUY,,train,0.01794,-0.3901895206243067,0.0,-0.11148272017839078,-0.2787068004459381,0.6688963210702337,0.4459308807134965,1.2820512820512775,0.33444816053509463,-0.5016722408026753
binance,PROMUSDT,2026-08-19T08:43:04.726000+00:00,SINGLE_GATE_FAIL,m1_prebreakout_setup_not_ready,train,2.039,0.4413928396272526,0.19617459538989745,1.1280039234918826,0.8337420304070475,1.6674840608141173,1.6674840608141173,0.68661108386463,1.2751348700343224,-0.24521824423738847
binance_futures,MUBARAKUSDT,2026-08-19T08:43:09.085365+00:00,BUY,,train,0.01792,-0.33482142857141906,0.055803571428580945,0.0,-0.16741071428570953,0.6696428571428603,0.5022321428571619,1.227678571428581,0.44642857142858094,-0.6138392857142794
binance,LAUSDT,2026-08-19T08:43:40.589000+00:00,SINGLE_GATE_FAIL,m1_prebreakout_setup_not_ready,train,0.0563,-0.1776198934280715,-0.1776198934280715,-0.1776198934280715,-0.7104795737122638,-0.5328596802841923,0.5328596802841812,1.4209591474245054,0.1776198934280604,-0.5328596802841923
binance,ZROUSDT,2026-08-19T08:44:19.176000+00:00,SINGLE_GATE_FAIL,m1_prebreakout_setup_not_ready,train,0.839,0.11918951132301459,-0.11918951132300348,-0.11918951132300348,-0.35756853396901045,-0.23837902264600697,-0.5959475566150174,-0.8343265792610244,0.35756853396902155,-0.35756853396901045
binance,MUBARAKUSDT,2026-08-19T08:44:19.176000+00:00,SINGLE_GATE_FAIL,m1_prebreakout_setup_not_ready,train,0.01794,0.05574136008918984,0.05574136008918984,-0.33444816053512794,-0.11148272017839078,0.7803790412485911,0.4459308807134965,1.1705685618728978,0.33444816053509463,-0.5016722408026753
binance,PUMPUSDT,2026-08-19T08:44:56.268000+00:00,SINGLE_GATE_FAIL,m1_prebreakout_setup_not_ready,train,0.002988,-0.10040160642571516,-0.20080321285141922,-0.3681392235609149,-0.4350736278447065,-0.3681392235609149,-0.3681392235609149,-1.1044176706827336,0.0669344042838027,-0.46854082998661895
binance,PROMUSDT,2026-08-19T08:46:41.638000+00:00,SINGLE_GATE_FAIL,m1_prebreakout_setup_not_ready,train,2.042,0.14691478942214786,0.5386875612145126,0.8325171400587861,1.0284035259549684,0.6366307541626037,1.3222331047992197,0.48971596474045587,1.3222331047992197,-0.14691478942211456
binance,ZROUSDT,2026-08-19T08:47:51.852000+00:00,SINGLE_GATE_FAIL,m1_prebreakout_setup_not_ready,train,0.839,-0.23837902264600697,-0.11918951132300348,-0.23837902264600697,-0.11918951132300348,-0.11918951132300348,-0.5959475566150174,-0.5959475566150174,0.35756853396902155,-0.35756853396901045
binance,PUMPUSDT,2026-08-19T08:50:16.768000+00:00,SINGLE_GATE_FAIL,m1_prebreakout_setup_not_ready,train,0.002981,-0.2348205300234829,-0.06709158000671733,-0.10063737001005935,-0.03354579000336422,-0.06709158000671733,-0.2683663200268471,-0.30191211003020024,0.06709158000670623,-0.2683663200268471
binance,PROMUSDT,2026-08-19T08:50:16.768000+00:00,SINGLE_GATE_FAIL,m1_prebreakout_setup_not_ready,train,2.049,0.341630063445586,0.9272816007808826,0.9760858955588203,0.48804294777942125,0.5368472425573589,0.19521717911177294,-1.0736944851146846,1.4641288433382194,0.0
binance,ZROUSDT,2026-08-19T08:50:16.768000+00:00,SINGLE_GATE_FAIL,buy_pressure_not_confirmed,train,0.838,-0.11933174224343368,-0.11933174224343368,0.0,-0.23866348448687846,-0.4773269689737458,-0.5966587112171795,-0.23866348448687846,0.11933174224343368,-0.23866348448687846
binance,MUBARAKUSDT,2026-08-19T08:51:31.247000+00:00,SINGLE_GATE_FAIL,m1_prebreakout_setup_not_ready,train,0.01793,-0.0557724484105071,0.7250418293363037,0.8365867261572735,0.6134969325153339,0.3904071388733721,1.9520356943669714,0.9481316229782433,1.0039040713887282,-0.4461795872838792
binance,ZROUSDT,2026-08-19T08:52:44.271000+00:00,SINGLE_GATE_FAIL,m1_prebreakout_setup_not_ready,train,0.838,-0.11933174224343368,0.0,-0.23866348448687846,0.0,-0.4773269689737458,-0.4773269689737458,0.23866348448686736,0.11933174224343368,-0.35799522673031214
binance,PROMUSDT,2026-08-19T08:53:17.723000+00:00,SINGLE_GATE_FAIL,m1_prebreakout_setup_not_ready,train,2.06,0.14563106796117165,0.6310679611650327,-0.048543689320379446,0.6310679611650327,-0.43689320388349273,-0.33980582524272274,-2.135922330097084,0.922330097087376,-0.5339805825242738
binance,LAUSDT,2026-08-19T08:54:29.721000+00:00,SINGLE_GATE_FAIL,m1_prebreakout_setup_not_ready,train,0.0559,0.17889087656530744,0.0,1.2522361359570633,1.2522361359570633,1.7889087656529634,1.9677996422182487,1.073345259391778,1.4311270125223707,0.0
binance,PUMPUSDT,2026-08-19T08:54:29.721000+00:00,SINGLE_GATE_FAIL,m1_prebreakout_setup_not_ready,train,0.002973,0.16818028927010342,0.1345442314160783,0.2690884628321566,0.1345442314160783,-0.033636057854025125,-0.6054490413723412,-0.06727211570802805,0.3027245206861817,0.0
binance,PROMUSDT,2026-08-19T08:55:05.423000+00:00,BUY,,train,2.065,0.3874092009685137,-0.29055690072637974,0.2421307506053294,-0.2421307506053183,-0.5811138014527817,-0.4842615012106477,-1.5012106537530379,0.6779661016949268,-0.7748184019370497
binance_futures,PROMUSDT,2026-08-19T08:55:06.187086+00:00,BUY,,train,2.047,0.39081582804103565,-0.2442598925256667,0.2931118710307601,0.0,-0.5862237420615535,-0.4885197850513112,-1.2701514411333825,0.9770395701026002,-0.683927699071829
binance,MUBARAKUSDT,2026-08-19T08:56:17.574000+00:00,SINGLE_GATE_FAIL,m1_prebreakout_setup_not_ready,train,0.01799,0.5002779321845452,0.27793218454696955,0.16675931072820394,0.05558643690939391,1.6120066703724456,1.2229016120066882,1.1673151750972943,0.6670372429127491,-0.22234574763756454
binance,PROMUSDT,2026-08-19T08:56:53.073000+00:00,SINGLE_GATE_FAIL,m1_prebreakout_setup_not_ready,train,2.063,-0.43625787687835427,-0.38778477944740875,0.3393116820164632,0.2908385845855399,-0.4847309743092665,-0.5332040717401898,-1.3572467280659195,0.7755695588948175,-0.6786233640329709
binance,ZROUSDT,2026-08-19T08:56:53.073000+00:00,SINGLE_GATE_FAIL,m1_prebreakout_setup_not_ready,train,0.837,0.0,0.0,-0.35842293906810374,-0.4778972520907976,-0.11947431302270495,-0.5973715651135025,1.194743130227005,0.2389486260454099,-0.4778972520907976
binance,PROMUSDT,2026-08-19T08:57:32.331000+00:00,SINGLE_GATE_FAIL,lob_pattern_blocked_momentum_continuation,train,2.065,-0.29055690072637974,0.2421307506053294,-0.2421307506053183,-0.29055690072637974,-0.7263922518159882,-1.30750605326877,-1.1622276029055745,0.6779661016949268,-0.7748184019370497
binance,PUMPUSDT,2026-08-19T08:57:32.331000+00:00,SINGLE_GATE_FAIL,m1_prebreakout_setup_not_ready,train,0.00298,0.0,0.03355704697987072,-0.03355704697987072,-0.1677852348993203,-0.3691275167785335,-0.46979865771812346,-0.3355704697986628,0.06711409395971923,-0.23489932885906173
binance,PROMUSDT,2026-08-19T08:58:08.289000+00:00,BUY,,train,2.069,-0.6766553890768412,0.19333011116482446,-0.4349927501208217,-0.8699855002416546,-0.7733204446592534,-1.643305944900908,-1.643305944900908,0.48332527791203894,-0.9666505558240668
binance_futures,PROMUSDT,2026-08-19T08:58:09.054031+00:00,BUY,,train,2.049,-0.24402147388969953,0.19521717911177294,-0.09760858955587537,-0.5368472425573478,-0.43923865300146137,-1.2201073694485087,-1.4153245485602706,0.8784773060029449,-0.7808687164470474
binance,LAUSDT,2026-08-19T08:59:16.384000+00:00,SINGLE_GATE_FAIL,m1_prebreakout_setup_not_ready,train,0.0559,1.2522361359570633,1.2522361359570633,1.610017889087656,1.7889087656529634,1.9677996422182487,1.7889087656529634,1.073345259391778,1.610017889087656,0.0
binance,MUBARAKUSDT,2026-08-19T09:01:06.963000+00:00,SINGLE_GATE_FAIL,m1_prebreakout_setup_not_ready,train,0.01801,0.05552470849528035,-0.055524708495302555,0.38867295946694025,1.4991671293725695,1.110494169905607,0.49972237645752315,2.387562465297055,1.6657412548584105,-0.5552470849528146
binance,PUMPUSDT,2026-08-19T09:01:06.963000+00:00,SINGLE_GATE_FAIL,m1_prebreakout_setup_not_ready,train,0.00298,-0.10067114093960106,-0.13422818791947178,-0.1677852348993203,-0.43624161073825274,-0.3691275167785335,-0.3355704697986628,0.23489932885907283,0.03355704697987072,-0.26845637583893245
binance,ZROUSDT,2026-08-19T09:02:15.851000+00:00,SINGLE_GATE_FAIL,m1_prebreakout_setup_not_ready,train,0.838,-0.4773269689737458,-0.4773269689737458,-0.4773269689737458,-0.4773269689737458,-0.4773269689737458,0.23866348448686736,0.9546539379474916,0.11933174224343368,-0.5966587112171795
binance,LAUSDT,2026-08-19T09:02:51.492000+00:00,SINGLE_GATE_FAIL,m1_prebreakout_setup_not_ready,train,0.0565,0.1769911504424737,0.3539823008849474,1.2389380530973382,0.707964601769917,0.1769911504424737,0.0,0.0,1.4159292035398119,0.0
binance,PROMUSDT,2026-08-19T09:04:07.921000+00:00,SINGLE_GATE_FAIL,m1_prebreakout_setup_not_ready,train,2.076,-0.818882466281301,-0.770712909441229,-1.1078998073217772,-1.011560693641611,-2.2639691714836263,-2.16763005780346,-2.6974951830443183,0.0,-1.4932562620423973
binance,PROMUSDT,2026-08-19T09:05:52.860000+00:00,SINGLE_GATE_FAIL,buy_pressure_not_confirmed,train,2.07,-0.9178743961352542,-0.8212560386473333,-0.8212560386473333,-0.7246376811594013,-2.0772946859903274,-1.7391304347826098,-2.415458937198056,0.09661835748793202,-1.207729468599028
binance,MUBARAKUSDT,2026-08-19T09:05:52.860000+00:00,SINGLE_GATE_FAIL,m1_prebreakout_setup_not_ready,train,0.01803,0.2773155851358844,1.2201885745978913,0.7764836383804541,0.9428729894620069,0.4991680532445919,1.331114808652245,3.4387132556849664,1.6638935108153063,-0.6655574043261336
binance,PUMPUSDT,2026-08-19T09:07:07.030000+00:00,SINGLE_GATE_FAIL,m1_prebreakout_setup_not_ready,train,0.002977,-0.13436345314075115,-0.2687269062815023,-0.738998992274098,-0.3694994961370601,-0.20154517971111563,-0.23513604299630897,0.6382264024185291,0.03359086328518224,-0.8061807188444847
binance,LAUSDT,2026-08-19T09:07:40.400000+00:00,SINGLE_GATE_FAIL,m1_prebreakout_setup_not_ready,train,0.0567,0.8818342151675429,0.3527336860670083,0.3527336860670083,-0.17636684303351524,-0.3527336860670194,-0.3527336860670194,-0.17636684303351524,1.058201058201047,0.0
binance,ZROUSDT,2026-08-19T09:07:40.400000+00:00,SINGLE_GATE_FAIL,m1_prebreakout_setup_not_ready,train,0.834,-0.11990407673860837,0.0,-0.47961630695443347,0.0,0.7194244604316502,1.4388489208633004,1.4388489208633004,0.47961630695443347,-0.47961630695443347
binance,PROMUSDT,2026-08-19T09:08:53.414000+00:00,SINGLE_GATE_FAIL,m1_prebreakout_setup_not_ready,train,2.059,-0.29140359397766824,-0.29140359397766824,-0.3399708596406037,-1.1656143759106397,-2.0883924235065687,-1.1656143759106397,-2.185526954832462,0.09713453132587091,-1.0199125789218222
binance,LAUSDT,2026-08-19T09:10:40.872000+00:00,SINGLE_GATE_FAIL,m1_prebreakout_setup_not_ready,train,0.0568,0.5281690140845008,0.17605633802815213,-0.17605633802817433,0.35211267605632646,-0.5281690140845119,-0.5281690140845119,-0.17605633802817433,0.8802816901408272,-0.35211267605634866
binance,MUBARAKUSDT,2026-08-19T09:11:56.333000+00:00,SINGLE_GATE_FAIL,m1_prebreakout_setup_not_ready,train,0.01826,-0.6024096385542133,-0.27382256297917573,-0.6024096385542133,-0.876232201533389,-0.3285870755750153,0.9857612267250904,2.6286966046002336,0.383351588170866,-0.9857612267250793
binance,PUMPUSDT,2026-08-19T09:11:56.333000+00:00,SINGLE_GATE_FAIL,m1_prebreakout_setup_not_ready,train,0.002974,-0.6388702084734299,-0.1681237390719681,-0.235373234700742,-0.13449899125757003,-0.10087424344317197,0.43712172158709706,0.672494956287828,0.0,-0.706119704102226
binance,ZROUSDT,2026-08-19T09:12:31.499000+00:00,SINGLE_GATE_FAIL,m1_prebreakout_setup_not_ready,train,0.835,-0.5988023952095856,-0.11976047904191933,0.11976047904191933,0.5988023952095745,1.3173652694610682,1.3173652694610682,1.556886227544907,0.23952095808383866,-0.5988023952095856
binance,LAUSDT,2026-08-19T09:13:41.865000+00:00,SINGLE_GATE_FAIL,m1_prebreakout_setup_not_ready,train,0.057,-0.5263157894736858,-0.5263157894736858,-0.5263157894736858,-0.8771929824561431,-0.7017543859649256,-1.0526315789473717,-1.0526315789473717,0.17543859649122862,-0.8771929824561431
binance,PROMUSDT,2026-08-19T09:14:16.068000+00:00,SINGLE_GATE_FAIL,m1_prebreakout_setup_not_ready,train,2.053,-0.7306380905991339,-1.1690209449585987,-1.1203117389186668,-1.0716025328787016,-0.9254749147588948,-1.6074037993180634,-1.7535314174378924,0.3896736483195218,-2.0457866536775393
binance,MUBARAKUSDT,2026-08-19T09:14:56.418000+00:00,SINGLE_GATE_FAIL,m1_prebreakout_setup_not_ready,train,0.01816,0.16519823788547772,-0.05506607929515184,-0.38546255506608507,0.22026431718062955,0.6057268722467146,3.083700440528636,3.6894273127753285,0.38546255506608507,-0.7709251101321479
binance,ZROUSDT,2026-08-19T09:17:54.558000+00:00,SINGLE_GATE_FAIL,m1_prebreakout_setup_not_ready,train,0.833,0.36014405762305746,0.8403361344537785,1.8007202881152429,1.5606242496998712,1.5606242496998712,1.5606242496998712,1.5606242496998712,2.0408163265306145,0.0
binance,PUMPUSDT,2026-08-19T09:17:54.558000+00:00,SINGLE_GATE_FAIL,m1_prebreakout_setup_not_ready,train,0.002967,0.1685203909673083,0.13481631277385553,0.13481631277385553,0.10111223458038054,0.7414897202561388,0.9774182676103749,1.0448264239973026,0.23592854735423607,-0.06740815638691666
binance,MUBARAKUSDT,2026-08-19T09:18:28.449000+00:00,SINGLE_GATE_FAIL,m1_prebreakout_setup_not_ready,train,0.01821,-0.6040637012630357,-0.8237232289950658,-0.054914881932999204,0.43931905546403804,2.690829214717194,2.690829214717194,2.9654036243822013,0.43931905546403804,-1.0433827567270737
binance,LAUSDT,2026-08-19T09:20:16.282000+00:00,SINGLE_GATE_FAIL,m1_prebreakout_setup_not_ready,train,0.057,-0.8771929824561431,-0.8771929824561431,-0.8771929824561431,-0.8771929824561431,-1.2280701754386003,-0.5263157894736858,-1.2280701754386003,0.17543859649122862,-1.0526315789473717
binance,PROMUSDT,2026-08-19T09:22:04.792000+00:00,SINGLE_GATE_FAIL,m1_prebreakout_setup_not_ready,train,2.027,0.3453379378391519,0.690675875678326,0.3453379378391519,-0.24666995559942118,-0.5426739023187022,-0.9866798223976292,-0.2960039467193032,0.690675875678326,-0.7893438579181011
binance,PUMPUSDT,2026-08-19T09:22:04.792000+00:00,SINGLE_GATE_FAIL,m1_prebreakout_setup_not_ready,train,0.002971,0.0,-0.033658700774152894,0.4712218108380961,0.6058566139346855,0.8414675193537446,1.009761023224498,1.009761023224498,0.7741501178054611,-0.06731740154830579
binance,ZROUSDT,2026-08-19T09:23:20.634000+00:00,SINGLE_GATE_FAIL,m1_prebreakout_setup_not_ready,train,0.84,0.8333333333333304,0.4761904761904745,0.5952380952380931,0.8333333333333304,0.8333333333333304,0.5952380952380931,0.952380952380949,1.1904761904761862,0.0
binance,MUBARAKUSDT,2026-08-19T09:23:20.634000+00:00,SINGLE_GATE_FAIL,m1_prebreakout_setup_not_ready,train,0.0181,0.5524861878452914,1.0497237569060625,1.878453038674044,3.3149171270718147,3.3149171270718147,4.198895027624294,4.309392265193357,3.4806629834253977,-0.22099447513813653
binance,PUMPUSDT,2026-08-19T09:25:05.152000+00:00,SINGLE_GATE_FAIL,m1_prebreakout_setup_not_ready,train,0.002972,0.1345895020188559,0.605652759084796,0.5720053835800876,0.5047106325706707,0.6729475100942128,1.0767160161507583,0.5383580080753791,0.7402422611036519,-0.10094212651412526
binance,PROMUSDT,2026-08-19T09:25:05.152000+00:00,SINGLE_GATE_FAIL,m1_prebreakout_setup_not_ready,train,2.032,0.1476377952756014,-0.1476377952756014,-0.49212598425197873,-0.5905511811023612,-1.279527559055127,-0.5413385826771755,-0.2952755905511917,0.44291338582675976,-0.9350393700787496
binance,MUBARAKUSDT,2026-08-19T09:26:53.072000+00:00,SINGLE_GATE_FAIL,m1_prebreakout_setup_not_ready,train,0.01826,0.05476451259585069,0.9857612267250904,2.5191675794085544,2.2453450164293676,2.6286966046002336,2.2453450164293676,3.83351588170866,3.5049288061336448,-0.5476451259583737
binance,ZROUSDT,2026-08-19T09:27:27.781000+00:00,SINGLE_GATE_FAIL,m1_prebreakout_setup_not_ready,train,0.848,-0.4716981132075526,-0.2358490566037763,0.0,-0.2358490566037763,0.0,-0.2358490566037763,-0.1179245283018826,0.0,-0.5896226415094352
binance,PROMUSDT,2026-08-19T09:28:05.170000+00:00,SINGLE_GATE_FAIL,m1_prebreakout_setup_not_ready,train,2.041,-0.83292503674669,-1.27388535031846,-1.0289073983341446,-1.322880940715343,-1.1758941695247493,-0.9799118079372837,-0.83292503674669,0.0,-1.3718765311122039
binance,PUMPUSDT,2026-08-19T09:28:39.348000+00:00,SINGLE_GATE_FAIL,m1_prebreakout_setup_not_ready,train,0.00297,0.5723905723905798,0.7744107744107831,0.942760942760934,0.9090909090909038,1.0437710437710468,0.9764309764309642,0.8754208754208737,1.0101010101010166,0.0
binance,LAUSDT,2026-08-19T09:29:44.336000+00:00,SINGLE_GATE_FAIL,m1_prebreakout_setup_not_ready,train,0.0566,-0.17667844522967213,-0.35335689045936647,0.0,0.17667844522968323,-0.35335689045936647,-0.5300353356890386,-1.2367491166077715,0.35335689045936647,-0.5300353356890386
binance,MUBARAKUSDT,2026-08-19T09:30:59.267000+00:00,SINGLE_GATE_FAIL,m1_prebreakout_setup_not_ready,train,0.01828,2.297592997811826,2.0240700218818297,2.297592997811826,2.297592997811826,2.1334792122538193,2.6805251641137673,3.719912472647713,3.391684901531722,0.0
binance,ZROUSDT,2026-08-19T09:31:32.732000+00:00,SINGLE_GATE_FAIL,m1_prebreakout_setup_not_ready,train,0.844,0.23696682464455776,0.23696682464455776,0.23696682464455776,0.35545023696681444,0.23696682464455776,0.35545023696681444,0.4739336492890933,0.4739336492890933,-0.11848341232227888
binance,PUMPUSDT,2026-08-19T09:32:41.686000+00:00,SINGLE_GATE_FAIL,m1_prebreakout_setup_not_ready,train,0.002987,0.0,0.3013056578506923,0.16739203213926857,0.46869768998996086,0.36826247070638196,0.46869768998996086,0.06695681285571187,0.5356545028456727,-0.03347840642785593
binance,MUBARAKUSDT,2026-08-19T09:32:41.686000+00:00,SINGLE_GATE_FAIL,buy_pressure_not_confirmed,train,0.01845,1.0840108401083848,1.6260162601625883,1.3550135501354976,1.6260162601625883,1.0298102981029844,1.8428184281842785,2.6558265582655727,2.4390243902439046,-0.43360433604335835
binance,PROMUSDT,2026-08-19T09:33:16.318000+00:00,SINGLE_GATE_FAIL,m1_prebreakout_setup_not_ready,train,2.023,-0.14829461196244065,-0.44488383588731084,-0.8403361344538007,-0.2965892239248702,-0.0988630746416308,0.5437469105288972,-0.44488383588731084,0.049431537320798746,-1.0380622837370401
binance,MUBARAKUSDT,2026-08-19T09:33:16.318000+00:00,BUY,,train,0.01866,0.0535905680600246,0.2143622722400984,0.2143622722400984,1.0718113612004254,0.4823151125401992,1.1789924973204746,1.87566988210075,1.2861736334405238,-0.7502679528403111
binance_futures,MUBARAKUSDT,2026-08-19T09:33:16.883870+00:00,BUY,,train,0.01863,0.05367686527106841,0.21470746108427363,0.16103059581320522,1.1808910359634828,0.5367686527106841,1.3419216317767102,1.8786902844873943,0.9661835748792313,-0.5904455179817636
binance,LAUSDT,2026-08-19T09:33:54.344000+00:00,SINGLE_GATE_FAIL,m1_prebreakout_setup_not_ready,train,0.0565,-0.1769911504424848,0.3539823008849474,0.1769911504424737,-0.1769911504424848,-0.5309734513274322,-0.3539823008849585,-0.8849557522123908,0.5309734513274433,-0.3539823008849585
binance,MUBARAKUSDT,2026-08-19T09:35:05.965000+00:00,SINGLE_GATE_FAIL,m1_prebreakout_setup_not_ready,train,0.01873,-0.16017084890549427,-0.16017084890549427,0.10678056593700358,-0.32034169781099964,0.21356113187398496,0.5872931126534864,1.3881473571810021,2.34917245061399,-1.1211959423385043
binance,ZROUSDT,2026-08-19T09:35:05.965000+00:00,SINGLE_GATE_FAIL,m1_prebreakout_setup_not_ready,train,0.847,0.0,-0.11806375442738881,0.11806375442739991,-0.11806375442738881,0.11806375442739991,-0.11806375442738881,0.23612750885477762,0.11806375442739991,-0.35419126328217754
binance,ESPUSDT,2026-08-19T09:35:05.965000+00:00,SINGLE_GATE_FAIL,buy_pressure_not_confirmed,train,0.07722,0.025900025900038592,-0.712250712250706,-0.37555037555037085,0.2849002849002913,0.05180005180005498,0.2331002331002363,0.44030044030045623,0.41440041440041764,-0.8288008288008353
binance,ESPUSDT,2026-08-19T09:36:52.787000+00:00,SINGLE_GATE_FAIL,m1_prebreakout_setup_not_ready,train,0.07735,-0.25856496444732757,-0.7369101486748519,0.12928248222365823,-0.012928248222365823,-0.3749191984486089,0.025856496444731647,0.15513897866838988,0.24563671622495065,-0.9954751131221795
binance,LAUSDT,2026-08-19T09:37:32.675000+00:00,SINGLE_GATE_FAIL,m1_prebreakout_setup_not_ready,train,0.0566,0.17667844522968323,0.0,-0.35335689045936647,-0.7067137809187218,-0.35335689045936647,-1.590106007067138,-0.5300353356890386,0.35335689045936647,-0.35335689045936647
binance,PROMUSDT,2026-08-19T09:37:32.675000+00:00,SINGLE_GATE_FAIL,m1_prebreakout_setup_not_ready,train,2.017,-0.5453644025780968,-0.49578582052551834,0.1983143282102029,0.3470500743678828,0.1983143282102029,0.3470500743678828,0.09915716410511255,0.3470500743678828,-0.7436787307883108
binance,PUMPUSDT,2026-08-19T09:39:16.697000+00:00,SINGLE_GATE_FAIL,m1_prebreakout_setup_not_ready,train,0.002996,0.16688918558078747,0.30040053404538636,0.1335113484646211,-0.1335113484646211,0.033377837116166376,-0.10013351134846582,-0.6341789052069391,0.43391188251000745,-0.20026702269693164
binance,ZROUSDT,2026-08-19T09:39:53.757000+00:00,SINGLE_GATE_FAIL,m1_prebreakout_setup_not_ready,train,0.847,0.11806375442739991,0.0,-0.11806375442738881,0.0,-0.11806375442738881,0.11806375442739991,0.35419126328217754,0.11806375442739991,-0.35419126328217754
binance,MUBARAKUSDT,2026-08-19T09:40:28.924000+00:00,SINGLE_GATE_FAIL,m1_prebreakout_setup_not_ready,train,0.01867,1.0176754151044465,0.0,0.4284949116229342,0.5356186395286455,0.9105516871987129,1.5532940546331142,1.6604177825388478,2.678093197643272,-0.3749330476700674
binance,PUMPUSDT,2026-08-19T09:40:28.924000+00:00,SINGLE_GATE_FAIL,lob_pattern_blocked_momentum_continuation,train,0.002992,0.30080213903744824,0.40106951871659025,0.23395721925134616,0.13368983957220415,-0.13368983957218195,0.03342245989306214,-0.5681818181818121,0.5681818181818121,-0.10026737967914201
binance,PROMUSDT,2026-08-19T09:41:08.019000+00:00,SINGLE_GATE_FAIL,m1_prebreakout_setup_not_ready,train,2.008,0.44820717131472954,0.7470119521912455,0.6474103585657254,0.6972111553784854,0.8466135458167212,0.9462151394422413,-0.14940239043825798,0.8964143426294813,-0.2490039840637448
binance,LAUSDT,2026-08-19T09:42:16.578000+00:00,SINGLE_GATE_FAIL,m1_prebreakout_setup_not_ready,train,0.0566,-0.35335689045936647,-0.7067137809187218,-0.5300353356890386,-0.35335689045936647,-1.590106007067138,-1.2367491166077715,-0.17667844522967213,0.0,-0.7067137809187218
binance,PUMPUSDT,2026-08-19T09:42:54.129000+00:00,SINGLE_GATE_FAIL,m1_prebreakout_setup_not_ready,train,0.002993,0.36752422318744316,0.16705646508519134,0.1002338790511148,0.26729034413632835,-0.13364517206816418,-0.13364517206816418,-0.7016371533578369,0.5345806882726345,-0.13364517206816418
binance,PROMUSDT,2026-08-19T09:44:08.264000+00:00,SINGLE_GATE_FAIL,m1_prebreakout_setup_not_ready,train,2.017,0.3470500743678828,0.44620723847297317,0.24789291026277027,0.9419930589985137,-0.14873574615766882,-0.198314328210214,-0.44620723847297317,1.041150223103604,0.0
binance,MUBARAKUSDT,2026-08-19T09:44:44.758000+00:00,SINGLE_GATE_FAIL,m1_prebreakout_setup_not_ready,train,0.01886,-1.16648992576881,-0.7423117709437821,-0.3711558854718855,-0.5832449628844105,0.42417815482502785,0.6362672322375529,0.3711558854718966,1.6436903499469802,-1.378579003181335
binance,PUMPUSDT,2026-08-19T09:45:54.811000+00:00,SINGLE_GATE_FAIL,m1_prebreakout_setup_not_ready,train,0.003006,-0.23286759813706537,-0.3326679973386537,-0.23286759813706537,-0.5988023952095745,-0.43246839654025315,-0.8982035928143728,-1.0978043912175717,0.06653359946773296,-0.5655355954757191
binance,MUBARAKUSDT,2026-08-19T09:48:17.448000+00:00,SINGLE_GATE_FAIL,m1_prebreakout_setup_not_ready,train,0.01864,0.7510729613734002,1.2875536480686733,1.0729613733905463,2.3605150214592197,1.9849785407725307,1.0729613733905463,3.272532188841204,2.4141630901287403,0.0
binance,ZROUSDT,2026-08-19T09:49:42.187000+00:00,SINGLE_GATE_FAIL,m1_prebreakout_setup_not_ready,train,0.847,0.0,-0.11806375442738881,0.0,0.11806375442739991,0.23612750885477762,0.35419126328217754,0.35419126328217754,0.23612750885477762,-0.11806375442738881
binance,ESPUSDT,2026-08-19T09:50:52.279000+00:00,SINGLE_GATE_FAIL,m1_prebreakout_setup_not_ready,train,0.07721,-0.1036135215645606,0.24608211371583977,0.3496956352804004,0.310840564693704,0.4533091568449832,0.19427535293354836,-0.19427535293355946,0.608729439191813,-0.3237922548892658
binance,PUMPUSDT,2026-08-19T09:50:52.279000+00:00,SINGLE_GATE_FAIL,m1_prebreakout_setup_not_ready,train,0.002993,0.2004677581022296,-0.16705646508519134,0.1002338790511148,0.0,-0.46775810223855796,-0.601403274306711,-0.5011693952555851,0.4009355162044814,-0.26729034413632835
binance,LAUSDT,2026-08-19T09:51:31.975000+00:00,SINGLE_GATE_FAIL,m1_prebreakout_setup_not_ready,train,0.0564,-0.7092198581560294,-0.886524822695034,-0.886524822695034,-1.0638297872340385,-0.17730496453900457,0.35460992907800915,0.0,0.0,-1.241134751773043
binance,ZROUSDT,2026-08-19T09:53:17.073000+00:00,SINGLE_GATE_FAIL,m1_prebreakout_setup_not_ready,train,0.847,0.0,0.0,0.11806375442739991,0.11806375442739991,0.35419126328217754,0.11806375442739991,0.5903187721369552,0.35419126328217754,-0.11806375442738881
binance,MUBARAKUSDT,2026-08-19T09:53:55.330000+00:00,SINGLE_GATE_FAIL,m1_prebreakout_setup_not_ready,train,0.0188,0.8510638297872353,1.4893617021276562,0.6382978723404209,1.1170212765957421,0.21276595744679216,0.8510638297872353,2.0744680851063624,1.5425531914893487,-0.26595744680851796
binance,PUMPUSDT,2026-08-19T09:53:55.330000+00:00,SINGLE_GATE_FAIL,m1_prebreakout_setup_not_ready,train,0.003002,-0.3997335109926614,-0.19986675549633626,-0.29980013324449883,-0.4996668887408351,-0.7661558960692871,-0.9327115256495655,-0.6662225183211246,0.09993337774816258,-0.5662891405729509
binance,MUBARAKUSDT,2026-08-19T09:54:31.189000+00:00,BUY,,train,0.0189,0.7936507936507908,0.21164021164019609,0.21164021164019609,0.4232804232804144,-0.5820105820105725,0.15873015873015817,1.3227513227513255,1.0052910052910091,-0.7936507936508019
binance_futures,MUBARAKUSDT,2026-08-19T09:54:31.882709+00:00,BUY,,train,0.01887,0.7419183889771919,0.2119766825649183,0.4769475357710551,0.4239533651298366,-0.4769475357710662,0.2649708532061368,1.377848436671969,1.0598834128245915,-0.7949125596184436
binance,LAUSDT,2026-08-19T09:55:05.612000+00:00,SINGLE_GATE_FAIL,m1_prebreakout_setup_not_ready,train,0.0561,-0.35650623885917776,-0.17825311942958333,-0.35650623885917776,0.0,1.0695187165775444,0.7130124777183777,0.35650623885918886,0.17825311942960553,-0.7130124777183555
binance,PROMUSDT,2026-08-19T09:55:05.612000+00:00,SINGLE_GATE_FAIL,m1_prebreakout_setup_not_ready,train,2.035,-0.5405405405405461,-0.5896805896805857,-0.9828009828009798,-0.9336609336609403,-1.2776412776412949,-0.49140049140050657,0.0,0.0,-1.0810810810810922
binance,MUBARAKUSDT,2026-08-19T09:56:17.166000+00:00,SINGLE_GATE_FAIL,lob_pattern_blocked_momentum_continuation,train,0.01884,0.5307855626326852,0.424628450106157,0.9023354564755781,0.37154989384289294,1.167728237791943,1.645435244161364,2.7600849256900206,1.3269639065817351,0.0
binance,PROMUSDT,2026-08-19T09:56:54.685000+00:00,SINGLE_GATE_FAIL,buy_pressure_not_confirmed,train,2.025,-0.5432098765432158,0.09876543209876854,-0.592592592592589,-0.39506172839506304,-0.987654320987652,0.0,0.6419753086419622,0.09876543209876854,-0.6419753086419733
binance,MUBARAKUSDT,2026-08-19T09:57:31.767000+00:00,SINGLE_GATE_FAIL,m1_prebreakout_setup_not_ready,train,0.01895,0.05277044854881119,-0.05277044854883339,0.21108179419524475,-0.21108179419525586,0.31662269129286713,1.2137203166226795,2.110817941952492,0.7387862796833566,-0.5804749340369564
binance,ZROUSDT,2026-08-19T09:58:08.549000+00:00,SINGLE_GATE_FAIL,m1_prebreakout_setup_not_ready,train,0.847,0.11806375442739991,0.11806375442739991,0.23612750885477762,0.35419126328217754,0.11806375442739991,0.47225501770955525,0.11806375442739991,0.35419126328217754,0.0
binance,PROMUSDT,2026-08-19T09:58:08.549000+00:00,SINGLE_GATE_FAIL,m1_prebreakout_setup_not_ready,train,2.024,0.14822134387353358,-0.49407114624506754,-0.39525691699604515,-0.39525691699604515,-0.7905138339920903,0.8399209486166015,0.49407114624504533,0.14822134387353358,-0.6916996047430901
binance,PUMPUSDT,2026-08-19T09:58:08.549000+00:00,SINGLE_GATE_FAIL,m1_prebreakout_setup_not_ready,train,0.00299,0.10033444816053283,-0.10033444816053283,-0.3678929765886352,-0.3678929765886352,-0.5351170568561825,-0.3678929765886352,-0.3010033444815985,0.26755852842808014,-0.5016722408026641
binance,MUBARAKUSDT,2026-08-19T09:58:44.316000+00:00,SINGLE_GATE_FAIL,buy_pressure_not_confirmed,train,0.01903,-0.578034682080919,-0.10509721492379942,-0.6305832895428187,-0.9984235417761389,-0.36784025223329797,1.1560693641618602,1.786652653704679,0.31529164477142047,-0.9984235417761389
binance,MUBARAKUSDT,2026-08-19T09:59:56.438000+00:00,SINGLE_GATE_FAIL,lob_spoof,train,0.01906,-0.6295907660021083,-0.41972717733473885,-0.7869884575026243,-1.4165792235047214,-0.6820566631689506,0.7345225603357708,1.1542497376705096,0.052465897166831255,-1.364113326337879
binance,MUBARAKUSDT,2026-08-19T10:00:42.708000+00:00,SINGLE_GATE_FAIL,lob_pattern_blocked_momentum_continuation,train,0.01894,0.36958817317847004,0.2639915522703262,-0.5279831045406524,0.21119324181626542,0.8447729672650395,1.4783526927138357,1.6367476240760404,0.6335797254487963,-0.7919746568109676
binance,MUBARAKUSDT,2026-08-19T10:01:20.594000+00:00,BUY,,train,0.01896,0.10548523206750371,-0.2637130801687815,-0.896624472573837,0.5274261603375408,1.0021097046413407,1.371308016877637,1.845991561181437,0.4746835443038,-0.896624472573837
binance_futures,MUBARAKUSDT,2026-08-19T10:01:21.129887+00:00,BUY,,train,0.01894,0.05279831045408301,-0.2639915522703151,-0.8447729672650284,0.5807814149947355,0.9503695881732055,1.4783526927138357,1.742344244984162,0.5807814149947355,-0.9503695881731722
binance,ACEUSDT,2026-08-19T10:01:56.109000+00:00,SINGLE_GATE_FAIL,extreme_24h_range,train,0.235,-0.21276595744680327,-0.553191489361704,0.17021276595745594,0.42553191489360653,-1.3191489361702113,-0.7659574468085073,-1.8723404255319043,0.5106382978723456,-0.7234042553191378
binance,MUBARAKUSDT,2026-08-19T10:01:56.109000+00:00,SINGLE_GATE_FAIL,m1_prebreakout_setup_not_ready,train,0.01896,0.10548523206750371,-0.2637130801687815,-0.896624472573837,0.5274261603375408,1.0021097046413407,1.371308016877637,1.845991561181437,0.4746835443038,-0.896624472573837
binance,ESPUSDT,2026-08-19T10:02:30.825000+00:00,SINGLE_GATE_FAIL,m1_prebreakout_setup_not_ready,train,0.07744,0.15495867768595684,-0.23243801652892415,-0.10330578512396382,-0.10330578512396382,-0.025826446280985405,0.09039256198346557,0.1678719008264551,0.1936983471074516,-0.335743801652888
binance,PROMUSDT,2026-08-19T10:03:08.868000+00:00,SINGLE_GATE_FAIL,m1_prebreakout_setup_not_ready,train,2.014,0.1489572989076482,0.09930486593843213,-0.24826216484606922,-0.2979145978152853,1.3406156901688338,0.8937437934458892,1.0923535253227534,0.24826216484610253,-0.4468718967229335
binance,PUMPUSDT,2026-08-19T10:03:08.868000+00:00,SINGLE_GATE_FAIL,m1_prebreakout_setup_not_ready,train,0.002988,-0.16733601070951787,-0.3012048192771233,-0.4350736278447065,-0.46854082998661895,-0.3012048192771233,-0.20080321285141922,0.0,0.0,-0.568942436412323
binance,MUBARAKUSDT,2026-08-19T10:05:29.289000+00:00,SINGLE_GATE_FAIL,m1_prebreakout_setup_not_ready,train,0.01899,-0.789889415481837,-0.05265929436545358,-0.15797788309636074,0.5792522380200005,1.2111637704054878,1.6850974196945812,1.1585044760400232,0.5792522380200005,-1.053185887309105
binance,ZROUSDT,2026-08-19T10:05:29.289000+00:00,SINGLE_GATE_FAIL,m1_prebreakout_setup_not_ready,train,0.848,0.2358490566037652,-0.1179245283018826,0.0,0.2358490566037652,0.4716981132075526,-0.1179245283018826,-0.4716981132075526,0.2358490566037652,-0.3537735849056589
binance,LAUSDT,2026-08-19T10:06:42.779000+00:00,SINGLE_GATE_FAIL,m1_prebreakout_setup_not_ready,train,0.0562,1.067615658362997,0.7117437722419906,0.5338078291814874,0.5338078291814874,0.3558718861209842,0.1779359430605032,-0.5338078291814985,1.067615658362997,0.0
binance,PUMPUSDT,2026-08-19T10:06:42.779000+00:00,SINGLE_GATE_FAIL,m1_prebreakout_setup_not_ready,train,0.00298,-0.10067114093960106,-0.23489932885906173,-0.26845637583893245,-0.23489932885906173,-0.03355704697987072,0.13422818791946067,0.30201342281879207,0.13422818791946067,-0.3355704697986628
binance,ESPUSDT,2026-08-19T10:06:42.779000+00:00,SINGLE_GATE_FAIL,m1_prebreakout_setup_not_ready,train,0.07752,-0.3611971104231171,-0.3353973168214841,0.0,-0.14189886480907576,-0.32249742002063986,-0.4514963880289047,-0.2966976264189958,0.0902992776057765,-0.43859649122808264
binance,MUBARAKUSDT,2026-08-19T10:09:07.899000+00:00,SINGLE_GATE_FAIL,m1_prebreakout_setup_not_ready,train,0.01883,0.9559214020180562,0.5310674455655917,1.6994158258098802,1.964949548592676,1.6994158258098802,2.3898035050451405,0.7966011683483876,2.973977695167296,-0.21242697822622114
binance,PROMUSDT,2026-08-19T10:09:40.989000+00:00,SINGLE_GATE_FAIL,m1_prebreakout_setup_not_ready,train,2.013,-0.29806259314455463,-0.24838549428712886,0.7948335817188346,1.589667163437647,1.2916045702931145,1.2419274714356554,0.695479384003983,1.3909587680079438,-0.3974167908594173
binance,ACEUSDT,2026-08-19T10:11:29.132000+00:00,SINGLE_GATE_FAIL,extreme_24h_range,train,0.2357,-1.7394993635977962,-1.6122189223589323,-0.7636826474331726,-1.0606703436571885,-1.6122189223589323,-2.163767501060665,-3.5638523546881573,0.8909630886720477,-2.078913873568089
binance,MUBARAKUSDT,2026-08-19T10:12:45.083000+00:00,SINGLE_GATE_FAIL,m1_prebreakout_setup_not_ready,train,0.01906,0.20986358866734722,0.6295907660020861,0.8394543546694777,0.6820566631689395,1.521511017838395,0.891920251836309,-0.05246589716684236,1.7313746065057645,-0.734522560335793
binance,LAUSDT,2026-08-19T10:12:45.083000+00:00,SINGLE_GATE_FAIL,m1_prebreakout_setup_not_ready,train,0.0565,0.0,-0.1769911504424848,0.0,-0.1769911504424848,-0.707964601769917,-1.0619469026548756,-1.0619469026548756,0.1769911504424737,-0.707964601769917
binance,ESPUSDT,2026-08-19T10:13:55.692000+00:00,SINGLE_GATE_FAIL,m1_prebreakout_setup_not_ready,train,0.07736,0.0646328852120126,0.012926577042393639,-0.11633919338158716,0.11633919338160936,0.21975180972078068,0.24560496380556796,0.27145811789037744,0.2973112719751869,-0.6851085832471626
binance,ZROUSDT,2026-08-19T10:15:05.611000+00:00,SINGLE_GATE_FAIL,m1_prebreakout_setup_not_ready,train,0.849,0.2355712603062443,0.35335689045936647,0.11778563015312216,-0.2355712603062443,-0.2355712603062443,-0.5889281507656108,0.4711425206124886,0.35335689045936647,-0.11778563015312216
binance,HEMIUSDT,2026-08-19T10:15:05.611000+00:00,SINGLE_GATE_FAIL,extreme_24h_range,train,0.0083,-0.7228915662650492,-0.24096385542169418,0.3614457831325302,1.5662650602409567,2.048192771084345,3.2530120481927716,4.698795180722892,2.168674698795181,-1.5662650602409678
binance,PROMUSDT,2026-08-19T10:16:16.750000+00:00,SINGLE_GATE_FAIL,m1_prebreakout_setup_not_ready,train,2.025,0.9876543209876631,0.9382716049382678,0.34567901234567877,0.6419753086419622,0.592592592592589,-0.24691358024691024,-0.39506172839506304,1.185185185185178,-0.1481481481481528
binance,HEIUSDT,2026-08-19T10:16:56.815000+00:00,SINGLE_GATE_FAIL,m1_prebreakout_setup_not_ready,train,0.1417,-0.3528581510232942,-0.14114326040931546,-0.7057163020465773,-0.2822865208186198,-1.3408609738884913,-1.2702893436838392,-0.3528581510232942,0.2822865208186309,-0.8468595624558817
binance,MUBARAKUSDT,2026-08-19T10:18:08.108000+00:00,SINGLE_GATE_FAIL,m1_prebreakout_setup_not_ready,train,0.01919,0.1563314226159518,0.0,0.6253256904637849,0.9379885356956663,0.6774361646691096,0.0,0.4168837936425307,1.3027618551328723,-0.46899426784783316
binance,MUBARAKUSDT,2026-08-19T10:19:19.193000+00:00,BUY,,train,0.01927,-0.41515308770109227,-0.6227296315516329,0.4670472236637302,0.05189413596262682,0.2075765438505517,-1.5049299429164442,0.10378827192527584,0.9340944473274604,-0.8822003113648114
binance,ZROUSDT,2026-08-19T10:19:19.193000+00:00,SINGLE_GATE_FAIL,m1_prebreakout_setup_not_ready,train,0.85,0.0,0.11764705882353343,-0.3529411764705892,-0.3529411764705892,-0.7058823529411784,0.3529411764705781,0.3529411764705781,0.23529411764706687,-0.47058823529412264
binance,PROMUSDT,2026-08-19T10:19:19.193000+00:00,SINGLE_GATE_FAIL,m1_prebreakout_setup_not_ready,train,2.041,0.048995590396860855,-0.09799118079372171,-0.14698677119059367,-0.14698677119059367,-0.7349338559529683,-0.6859382655560853,-0.8819206271435509,0.39196472317490905,-0.48995590396863076
binance_futures,MUBARAKUSDT,2026-08-19T10:19:19.762734+00:00,BUY,,train,0.01925,-0.467532467532461,-0.6233766233766147,0.4155844155844246,-0.10389610389609505,0.10389610389609505,-1.4545454545454528,0.15584415584415368,0.9870129870129807,-0.9350649350649332
binance,LAUSDT,2026-08-19T10:20:42.960000+00:00,SINGLE_GATE_FAIL,m1_prebreakout_setup_not_ready,train,0.0565,-0.3539823008849585,-0.3539823008849585,-0.3539823008849585,-0.707964601769917,-1.0619469026548756,-1.0619469026548756,-1.5929203539823078,0.1769911504424737,-0.707964601769917
binance,MUBARAKUSDT,2026-08-19T10:21:17.132000+00:00,SINGLE_GATE_FAIL,m1_prebreakout_setup_not_ready,train,0.01923,-0.4160166406656285,0.6760270410816283,0.7280291211648304,0.4160166406656174,-0.31201248049922414,-0.4160166406656285,0.15600624024960652,1.14404576183047,-0.6760270410816505
binance,PUMPUSDT,2026-08-19T10:21:56.592000+00:00,SINGLE_GATE_FAIL,m1_prebreakout_setup_not_ready,train,0.002979,0.0671366230278636,0.16784155756965902,0.0671366230278636,0.23497818059752262,0.33568311513931803,0.20140986908359082,0.0,0.20140986908359082,-0.10070493454179541
binance,ZROUSDT,2026-08-19T10:22:29.917000+00:00,SINGLE_GATE_FAIL,buy_pressure_not_confirmed,train,0.85,-0.3529411764705892,-0.23529411764705577,-0.3529411764705892,-0.47058823529412264,0.0,0.47058823529411153,-0.23529411764705577,0.23529411764706687,-0.47058823529412264
binance,PROMUSDT,2026-08-19T10:22:29.917000+00:00,SINGLE_GATE_FAIL,m1_prebreakout_setup_not_ready,train,2.042,-0.3428011753182969,-0.19588638589618235,-0.2938295788442624,-0.2938295788442624,-1.1263467189030263,-0.48971596474044476,-0.8325171400587639,0.0,-0.5386875612144792
binance,ZROUSDT,2026-08-19T10:23:40.037000+00:00,SINGLE_GATE_FAIL,m1_prebreakout_setup_not_ready,train,0.85,-0.3529411764705892,-0.23529411764705577,-0.3529411764705892,-0.588235294117645,0.0,0.588235294117645,-0.23529411764705577,0.23529411764706687,-0.47058823529412264
binance,ESPUSDT,2026-08-19T10:24:53.514000+00:00,SINGLE_GATE_FAIL,m1_prebreakout_setup_not_ready,train,0.0774,-0.24547803617570585,0.09043927648579864,0.2196382428940602,0.24547803617571695,-0.15503875968991832,0.5555555555555536,0.40051679586563527,0.40051679586563527,-0.36175710594315014
binance,PUMPUSDT,2026-08-19T10:26:43.953000+00:00,SINGLE_GATE_FAIL,m1_prebreakout_setup_not_ready,train,0.002983,-0.0670465973851786,0.10056989607776234,0.2681863895407366,0.2011397921555469,0.0670465973851675,0.0670465973851675,0.03352329869259485,0.2681863895407366,-0.10056989607777345
binance,ZROUSDT,2026-08-19T10:26:43.953000+00:00,SINGLE_GATE_FAIL,m1_prebreakout_setup_not_ready,train,0.847,0.0,0.0,-0.35419126328217754,0.0,0.7083825265643551,0.5903187721369552,0.23612750885477762,0.23612750885477762,-0.47225501770956635
binance,MUBARAKUSDT,2026-08-19T10:27:17.049000+00:00,SINGLE_GATE_FAIL,m1_prebreakout_setup_not_ready,train,0.01935,-0.5167958656330685,-0.6201550387596844,-0.20671834625322072,-0.568475452196382,-1.5503875968992165,-0.6718346253229868,-0.6718346253229868,0.5167958656330685,-1.0852713178294504
binance,MUBARAKUSDT,2026-08-19T10:28:31.017000+00:00,BUY,,train,0.01934,-0.15511892450877918,-0.10341261633919352,-0.8790072388831449,-0.7755946225439514,-1.5511892450878917,-0.3619441571871773,-0.7238883143743546,0.5687693898655644,-1.034126163391924
binance,HEMIUSDT,2026-08-19T10:28:31.018000+00:00,SINGLE_GATE_FAIL,extreme_24h_range,train,0.00847,0.7083825265643329,1.0625737898465104,1.0625737898465104,1.2987012987013102,2.125147579693021,2.715466351829976,4.250295159386064,1.5348288075560879,-0.47225501770956635
binance,LAUSDT,2026-08-19T10:28:31.018000+00:00,SINGLE_GATE_FAIL,m1_prebreakout_setup_not_ready,train,0.0562,-0.3558718861209953,-0.7117437722419906,-0.5338078291814985,-0.5338078291814985,-0.5338078291814985,-1.067615658362997,-1.9572953736654797,0.1779359430605032,-0.7117437722419906
binance_futures,MUBARAKUSDT,2026-08-19T10:28:31.529780+00:00,BUY,,train,0.01931,-0.20714655618850886,-0.20714655618850886,-0.8803728638011377,-0.6732263076126399,-1.5018125323666642,-0.3625064733298822,-0.6732263076126399,0.31071983428274663,-1.0875194199896576
binance,ZROUSDT,2026-08-19T10:30:16.078000+00:00,SINGLE_GATE_FAIL,m1_prebreakout_setup_not_ready,train,0.847,-0.23612750885477762,-0.35419126328217754,0.35419126328217754,0.7083825265643551,0.7083825265643551,0.8264462809917328,0.23612750885477762,0.7083825265643551,-0.47225501770956635
binance,PUMPUSDT,2026-08-19T10:31:30.652000+00:00,SINGLE_GATE_FAIL,m1_prebreakout_setup_not_ready,train,0.002983,0.2681863895407366,0.2011397921555469,0.1340931947703794,0.0670465973851675,0.0670465973851675,-0.1340931947703683,0.2681863895407366,0.2681863895407366,-0.0670465973851786
binance,MUBARAKUSDT,2026-08-19T10:31:30.652000+00:00,SINGLE_GATE_FAIL,m1_prebreakout_setup_not_ready,train,0.01926,0.25960539979232866,-0.4672897196261627,-1.4537902388369606,-0.5711318795430853,0.05192107995846129,0.0,0.31152647975078995,0.4672897196261738,-2.024922118380057
binance,PROMUSDT,2026-08-19T10:33:17.351000+00:00,SINGLE_GATE_FAIL,m1_prebreakout_setup_not_ready,train,2.036,-0.7858546168958758,-0.5893909626719096,-0.04911591355598599,-0.7367387033398898,-0.8349705304518618,-0.34381139489194634,-0.34381139489194634,0.19646365422396617,-0.9823182711198419
binance,PUMPUSDT,2026-08-19T10:33:53.680000+00:00,BUY,,train,0.002985,0.13400335008375563,0.03350083752093891,0.0,0.06700167504187782,-0.20100502512562235,-0.20100502512562235,0.16750418760469454,0.20100502512563345,0.0
binance_futures,PUMPUSDT,2026-08-19T10:33:54.395769+00:00,BUY,,train,0.002982,0.1006036217303885,0.0,0.0,0.03353454057679617,-0.23474178403755097,-0.2012072434607659,0.1006036217303885,0.23474178403755097,-0.06706908115358123
binance,ESPUSDT,2026-08-19T10:34:29.065000+00:00,BUY,,train,0.07752,-0.2966976264189958,-0.3095975232198178,0.14189886480908687,0.3998968008255721,-0.012899896800833144,0.2450980392156854,0.9416924664602533,0.20639834881319707,-0.3998968008255943
binance,ZROUSDT,2026-08-19T10:34:29.065000+00:00,SINGLE_GATE_FAIL,m1_prebreakout_setup_not_ready,train,0.845,0.591715976331364,0.946745562130169,1.0650887573964596,1.0650887573964596,0.946745562130169,0.4733727810650956,0.8284023668639007,1.183431952662728,-0.2366863905325478
binance_futures,ESPUSDT,2026-08-19T10:34:29.749444+00:00,BUY,,train,0.07741,-0.27128278000259076,-0.31003746286010214,0.09042759333417472,0.3487921457175913,0.07750936571502276,0.2583645523833944,0.9688670714377734,0.31003746286009104,-0.40046505619429906
binance,PUMPUSDT,2026-08-19T10:35:04.107000+00:00,SINGLE_GATE_FAIL,m1_prebreakout_setup_not_ready,train,0.002991,-0.16716817118020977,-0.16716817118020977,-0.16716817118020977,-0.20060180541625616,-0.36776997659646593,-0.30090270812438424,0.26746907388832675,0.0,-0.20060180541625616
binance,MUBARAKUSDT,2026-08-19T10:35:04.107000+00:00,SINGLE_GATE_FAIL,m1_prebreakout_setup_not_ready,train,0.0193,-0.5699481865285128,-0.9844559585492352,-1.2953367875647714,-0.5181347150259197,0.15544041450776813,-0.2590673575129654,0.2072538860103501,0.0,-2.2279792746114024
binance,PROMUSDT,2026-08-19T10:36:22.022000+00:00,SINGLE_GATE_FAIL,m1_prebreakout_setup_not_ready,train,2.022,0.2472799208704357,0.8902077151335508,0.14836795252226587,-0.2472799208704246,0.0,0.4451038575667754,0.3956478733926794,0.8902077151335508,-0.3956478733926794
binance,ZROUSDT,2026-08-19T10:37:29.402000+00:00,SINGLE_GATE_FAIL,m1_prebreakout_setup_not_ready,train,0.848,0.5896226415094352,0.7075471698113178,0.5896226415094352,0.35377358490567,0.0,-0.2358490566037763,0.4716981132075526,0.8254716981132004,0.0
binance,PUMPUSDT,2026-08-19T10:38:08.059000+00:00,SINGLE_GATE_FAIL,m1_prebreakout_setup_not_ready,train,0.002989,-0.13382402141184357,-0.06691201070591069,-0.13382402141184357,-0.33456005352960894,-0.33456005352960894,-0.20073603211776536,0.4683840749414525,0.0,-0.20073603211776536
binance,ONGUSDT,2026-08-19T10:39:52.383000+00:00,SINGLE_GATE_FAIL,m1_prebreakout_setup_not_ready,train,0.06349,0.7245235470152878,0.614269963773828,1.0080327610647366,0.409513309182552,0.8977791778232769,1.0867853205229094,0.614269963773828,1.354544022680737,-0.0315010237832869
binance,PROMUSDT,2026-08-19T10:39:52.383000+00:00,SINGLE_GATE_FAIL,m1_prebreakout_setup_not_ready,train,2.025,0.34567901234567877,0.0,-0.39506172839506304,-0.09876543209875743,0.24691358024691024,-0.24691358024691024,0.7901234567901261,0.7407407407407529,-0.5432098765432158
binance,ZROUSDT,2026-08-19T10:40:29.965000+00:00,SINGLE_GATE_FAIL,m1_prebreakout_setup_not_ready,train,0.852,0.35211267605634866,0.11737089201877549,-0.11737089201877549,0.23474178403755097,-0.35211267605633756,-0.35211267605633756,0.0,0.35211267605634866,-0.23474178403756207
binance,PUMPUSDT,2026-08-19T10:41:08.532000+00:00,SINGLE_GATE_FAIL,m1_prebreakout_setup_not_ready,train,0.002986,-0.033489618218351946,-0.033489618218351946,-0.23442732752846362,-0.23442732752846362,-0.06697923643670389,0.16744809109177083,0.6697923643670389,0.03348961821836305,-0.23442732752846362
binance,EULUSDT,2026-08-19T10:41:42.921000+00:00,SINGLE_GATE_FAIL,m1_prebreakout_setup_not_ready,train,1.242,-0.16103059581320522,-0.24154589371979673,-0.16103059581320522,0.0,0.32206119162641045,0.40257648953301306,0.32206119162641045,0.16103059581320522,-0.40257648953300196
binance,ZROUSDT,2026-08-19T10:44:44.528000+00:00,SINGLE_GATE_FAIL,m1_prebreakout_setup_not_ready,train,0.855,-0.4678362573099393,-0.2339181286549752,-0.8187134502923965,-0.7017543859649145,-0.7017543859649145,-0.35087719298245723,-1.2865497076023358,0.0,-0.8187134502923965
binance,HEIUSDT,2026-08-19T10:45:56.677000+00:00,SINGLE_GATE_FAIL,m1_prebreakout_setup_not_ready,train,0.1414,-0.4243281471004168,-0.5657708628005631,-0.28288543140029265,-1.343705799151329,-0.9193776520509123,0.9193776520509234,0.7779349363507659,0.0,-1.1315417256011262
binance,PROMUSDT,2026-08-19T10:46:30.507000+00:00,SINGLE_GATE_FAIL,m1_prebreakout_setup_not_ready,train,2.017,0.29747149231533765,0.24789291026277027,0.6445215666831983,0.6941001487357656,0.49578582052554054,0.6445215666831983,1.1403073872087388,0.7436787307883108,0.0
binance,MUBARAKUSDT,2026-08-19T10:46:30.507000+00:00,SINGLE_GATE_FAIL,m1_prebreakout_setup_not_ready,train,0.0192,0.46875000000001776,0.31250000000000444,0.31250000000000444,0.5208333333333481,0.6250000000000089,0.9895833333333437,0.8854166666666607,0.9375000000000133,-0.3645833333333237
binance,ZROUSDT,2026-08-19T10:48:54.310000+00:00,SINGLE_GATE_FAIL,m1_prebreakout_setup_not_ready,train,0.85,0.3529411764705781,-0.23529411764705577,-0.11764705882353343,0.0,0.23529411764706687,0.3529411764705781,-0.3529411764705892,0.47058823529411153,-0.47058823529412264
binance,MUBARAKUSDT,2026-08-19T10:50:44.521000+00:00,SINGLE_GATE_FAIL,m1_prebreakout_setup_not_ready,train,0.01929,-0.5702436495593655,-0.20736132711249855,-0.4665629860031273,0.6220839813374734,0.25920165889059543,0.15552099533435726,0.25920165889059543,0.6739243131155925,-0.829445308449972
binance,PROMUSDT,2026-08-19T10:53:41.498000+00:00,SINGLE_GATE_FAIL,m1_prebreakout_setup_not_ready,train,2.029,0.09857072449483972,-0.29571217348446366,-0.09857072449481752,0.0,0.14785608674223738,0.29571217348449697,0.0,0.14785608674223738,-0.5421389847215408
binance,MUBARAKUSDT,2026-08-19T10:54:18.536000+00:00,SINGLE_GATE_FAIL,m1_prebreakout_setup_not_ready,train,0.0192,0.10416666666668295,0.8854166666666607,0.6250000000000089,1.3541666666666785,1.302083333333326,0.6250000000000089,0.4166666666666652,1.302083333333326,-0.3645833333333237
binance,EULUSDT,2026-08-19T10:54:57.508000+00:00,SINGLE_GATE_FAIL,m1_prebreakout_setup_not_ready,train,1.25,-0.31999999999999806,-0.5599999999999938,-0.6399999999999961,-0.5599999999999938,-0.23999999999999577,-0.16000000000000458,0.16000000000000458,0.16000000000000458,-0.6399999999999961
binance,ONGUSDT,2026-08-19T10:55:56.182000+00:00,SINGLE_GATE_FAIL,m1_prebreakout_setup_not_ready,train,0.06406,0.18732438339057467,0.07805182641273944,-0.46831095847643667,0.0,-0.5619731501717129,-0.015610365282558991,-2.77864502029348,0.6556353418669891,-0.7180768029971918
binance,PROMUSDT,2026-08-19T10:57:44.356000+00:00,SINGLE_GATE_FAIL,m1_prebreakout_setup_not_ready,train,2.029,-0.5421389847215408,-0.09857072449481752,-0.09857072449481752,0.09857072449483972,0.3449975357318946,0.29571217348449697,-1.429275505174954,0.29571217348449697,-0.5421389847215408
binance,ZROUSDT,2026-08-19T10:57:44.356000+00:00,SINGLE_GATE_FAIL,m1_prebreakout_setup_not_ready,train,0.849,0.0,0.11778563015312216,0.35335689045936647,0.35335689045936647,-0.5889281507656108,-0.4711425206124886,0.11778563015312216,0.4711425206124886,-0.35335689045936647
binance,MUBARAKUSDT,2026-08-19T10:57:44.356000+00:00,SINGLE_GATE_FAIL,m1_prebreakout_setup_not_ready,train,0.0193,0.5699481865284906,-0.15544041450777923,0.2072538860103501,0.31088082901553626,0.4663212435233044,0.7772020725388407,-0.5181347150259197,1.0362694300518172,-0.5699481865285128
binance,ESPUSDT,2026-08-19T10:58:55.985000+00:00,SINGLE_GATE_FAIL,m1_prebreakout_setup_not_ready,train,0.07776,0.38580246913582084,0.2700617283950546,0.565843621399198,0.5401234567901314,-0.09002057613168857,-0.23148148148147696,-0.09002057613168857,0.6815843621399198,-0.1286008230452551
binance,ONGUSDT,2026-08-19T10:59:32.804000+00:00,SINGLE_GATE_FAIL,m1_prebreakout_setup_not_ready,train,0.06416,-0.7013715710723067,-0.4052369077306661,-0.2182044887780621,-0.43640897755609087,0.031172069825435855,-0.43640897755609087,-4.582294264339149,0.20261845386535526,-0.872817955112204
binance,PROMUSDT,2026-08-19T11:01:16.371000+00:00,SINGLE_GATE_FAIL,m1_prebreakout_setup_not_ready,train,2.019,0.5448241703813528,0.5448241703813528,0.6438831104507159,0.6438831104507159,1.0401188707280795,0.24764735017335227,-1.1391778107974315,1.3372956909361022,0.0
binance,EULUSDT,2026-08-19T11:01:16.371000+00:00,SINGLE_GATE_FAIL,m1_prebreakout_setup_not_ready,train,1.246,-0.24077046548955927,0.0,0.16051364365972098,0.0,0.24077046548958148,0.48154093097914075,1.0433386837881198,0.32102728731941976,-0.32102728731941976
binance,ZROUSDT,2026-08-19T11:01:53.121000+00:00,SINGLE_GATE_FAIL,m1_prebreakout_setup_not_ready,train,0.849,0.35335689045936647,0.2355712603062443,0.35335689045936647,-0.35335689045936647,-0.4711425206124886,0.35335689045936647,-0.35335689045936647,0.4711425206124886,-0.2355712603062443
binance,MUBARAKUSDT,2026-08-19T11:01:53.121000+00:00,SINGLE_GATE_FAIL,m1_prebreakout_setup_not_ready,train,0.01941,0.25759917568264346,-0.10303967027305294,0.20607934054610588,-0.20607934054611698,-0.20607934054611698,-0.25759917568264346,-1.6486347243688915,0.46367851622874934,-0.7727975270479193
binance,HEMIUSDT,2026-08-19T11:03:44.545000+00:00,SINGLE_GATE_FAIL,extreme_24h_range,train,0.00892,-0.22421524663678305,-0.8968609865470878,-0.8968609865470878,-1.2331838565022513,-1.5695067264574147,-2.0179372197309586,0.8968609865470656,0.5605381165919354,-2.3542600896861
binance,HEIUSDT,2026-08-19T11:04:16.638000+00:00,SINGLE_GATE_FAIL,m1_prebreakout_setup_not_ready,train,0.1425,-0.21052631578947212,0.8421052631578885,1.6842105263157992,0.49122807017545345,-0.070175438596487,-0.070175438596487,-0.9824561403508625,2.4561403508772006,-0.21052631578947212
binance,ZROUSDT,2026-08-19T11:05:29.974000+00:00,SINGLE_GATE_FAIL,m1_prebreakout_setup_not_ready,train,0.853,0.0,-0.11723329425556983,-1.0550996483001174,-1.1723329425556872,-0.3516998827667095,-0.11723329425556983,-0.7033997655334079,0.11723329425556983,-1.0550996483001174
binance,PROMUSDT,2026-08-19T11:07:53.589000+00:00,SINGLE_GATE_FAIL,m1_prebreakout_setup_not_ready,train,2.03,0.64039408866996,0.2955665024630738,0.4433497536945996,0.24630541871923928,0.4433497536945996,-1.477832512315258,-1.2807881773398866,0.7881773399014858,-0.1477832512315147
binance,ZROUSDT,2026-08-19T11:10:16.957000+00:00,SINGLE_GATE_FAIL,m1_prebreakout_setup_not_ready,train,0.852,-0.9389671361502372,-1.0563380281690127,-0.8215962441314506,-0.23474178403756207,0.0,-0.7042253521126751,-0.46948356807511304,0.23474178403755097,-1.0563380281690127
binance,MUBARAKUSDT,2026-08-19T11:10:53.580000+00:00,SINGLE_GATE_FAIL,buy_pressure_not_confirmed,train,0.01944,0.0,-0.7201646090534863,-0.8744855967078191,-0.5144032921810648,-0.7716049382715862,-1.7489711934156382,-1.2345679012345734,0.051440329218110925,-1.0802469135802406
binance,HEIUSDT,2026-08-19T11:10:53.580000+00:00,SINGLE_GATE_FAIL,m1_prebreakout_setup_not_ready,train,0.1437,1.113430758524725,-0.8350730688935326,-0.9046624913013224,-0.695894224077942,-1.2526096033402934,-1.8789144050104456,0.0,1.6005567153792644,-1.322199025748072
binance,SIGNUSDT,2026-08-19T11:12:41.235000+00:00,SINGLE_GATE_FAIL,m1_prebreakout_setup_not_ready,train,0.00721,-1.664355062413314,-1.8030513176144236,-0.6934812760055586,-0.4160887656033396,1.9417475728155331,0.832177531206657,0.4160887656033285,2.77392510402219,-2.0804438280166426
binance,PROMUSDT,2026-08-19T11:12:41.235000+00:00,BUY,,train,2.035,0.19656019656020263,0.0,-0.3439803439803546,0.19656019656020263,-1.7199017199017286,-1.9656019656019708,-1.1302211302211318,0.3439803439803324,-0.6879606879606981
binance,MUBARAKUSDT,2026-08-19T11:12:41.235000+00:00,SINGLE_GATE_FAIL,m1_prebreakout_setup_not_ready,train,0.01938,-0.41279669762641635,0.361197110423106,-0.20639834881321928,-0.8771929824561431,-0.9287925696594534,-1.4963880288957787,-1.1351909184726616,0.361197110423106,-0.7739938080495445
binance_futures,PROMUSDT,2026-08-19T11:12:41.798609+00:00,BUY,,train,2.019,0.3962357602773636,0.04952947003467045,-0.2971768202080338,-0.09905894006935201,-1.5849430411094656,-1.7830609212481474,-1.08964834076275,0.6438831104507159,-0.7429420505200679
binance,HEIUSDT,2026-08-19T11:13:54.079000+00:00,SINGLE_GATE_FAIL,m1_prebreakout_setup_not_ready,train,0.1449,-1.8633540372670843,-1.7253278122843385,-1.104209799861966,-1.3112491373361013,-2.4844720496894346,-2.6224982746721914,-1.104209799861966,0.7591442374051072,-2.1394064872325647
binance,ZROUSDT,2026-08-19T11:13:54.079000+00:00,SINGLE_GATE_FAIL,m1_prebreakout_setup_not_ready,train,0.844,0.11848341232227888,0.35545023696681444,0.9478672985782088,1.0663507109004655,0.5924170616113722,0.35545023696681444,0.23696682464455776,1.0663507109004655,-0.11848341232227888
binance,MUBARAKUSDT,2026-08-19T11:16:17.886000+00:00,SINGLE_GATE_FAIL,m1_prebreakout_setup_not_ready,train,0.0193,-0.15544041450777923,0.31088082901553626,-0.8808290155440379,-0.5181347150259197,-1.0880829015544102,-1.1917098445595853,-1.2953367875647714,0.7772020725388407,-1.2435233160621784
binance,ACEUSDT,2026-08-19T11:16:17.886000+00:00,SINGLE_GATE_FAIL,extreme_24h_range,train,0.23,-1.30434782608696,-1.30434782608696,-1.782608695652188,-1.1739130434782696,-2.3913043478260843,-1.7391304347826098,-1.6956521739130537,0.08695652173911217,-2.4782608695652186
binance,ONGUSDT,2026-08-19T11:17:29.860000+00:00,SINGLE_GATE_FAIL,m1_prebreakout_setup_not_ready,train,0.06405,-0.6245120999219367,-0.5620608899297386,-2.763466042154561,-3.1850117096018593,-4.730679156908657,-4.449648711943787,-6.198282591725201,0.01561280249806618,-3.9188134270101482
binance,ZROUSDT,2026-08-19T11:17:29.860000+00:00,SINGLE_GATE_FAIL,m1_prebreakout_setup_not_ready,train,0.845,0.591715976331364,0.946745562130169,0.8284023668639007,0.591715976331364,0.2366863905325367,0.11834319526626835,0.2366863905325367,1.0650887573964596,0.0
binance,HEIUSDT,2026-08-19T11:18:06.272000+00:00,SINGLE_GATE_FAIL,m1_prebreakout_setup_not_ready,train,0.1426,0.4908835904628317,0.28050490883588797,-0.4908835904628428,-0.9116409537166859,-1.051893408134641,0.42075736325384305,0.07012622720896644,0.6311360448807646,-0.6311360448807979
binance,SIGNUSDT,2026-08-19T11:19:55.869000+00:00,SINGLE_GATE_FAIL,m1_prebreakout_setup_not_ready,train,0.00726,-1.1019283746556474,-0.8264462809917328,1.2396694214876103,0.9641873278236845,-0.4132231404958664,0.13774104683195176,-0.13774104683195176,2.6170798898071723,-1.6528925619834767
binance,MUBARAKUSDT,2026-08-19T11:21:05.585000+00:00,SINGLE_GATE_FAIL,m1_prebreakout_setup_not_ready,train,0.01934,-0.31023784901758056,-0.7238883143743546,-1.9648397104446658,-1.292657704239919,-1.3960703205791125,-0.8273009307135482,-1.1375387797311176,0.2585315408479838,-2.4819027921406445
binance,ZROUSDT,2026-08-19T11:21:48.942000+00:00,SINGLE_GATE_FAIL,m1_prebreakout_setup_not_ready,train,0.851,0.235017626321965,0.0,-0.4700352526439522,-0.5875440658049347,-0.5875440658049347,-0.3525264394829586,-1.292596944770863,0.3525264394829586,-0.5875440658049347
binance,HEIUSDT,2026-08-19T11:21:48.942000+00:00,SINGLE_GATE_FAIL,m1_prebreakout_setup_not_ready,train,0.1428,-0.2801120448179373,-0.3501400560224077,-1.540616246498605,-1.1204481792717158,-0.1400560224089631,0.8403361344537563,-0.1400560224089631,0.4901960784313486,-1.6106442577030755
binance,EULUSDT,2026-08-19T11:22:54.054000+00:00,SINGLE_GATE_FAIL,m1_prebreakout_setup_not_ready,train,1.252,-0.15974440894568342,0.07987220447283061,0.4792332268370503,0.39936102236421966,0.15974440894568342,-0.07987220447285281,-0.07987220447285281,0.6389776357827559,-0.23961661341852514
binance,EULUSDT,2026-08-19T11:23:28.644000+00:00,BUY,,train,1.253,0.15961691939345712,0.0,0.47885075818037137,0.31923383878691425,0.0,-0.07980845969671746,0.0,0.5586592178770999,-0.31923383878689204
binance,SIGNUSDT,2026-08-19T11:23:28.644000+00:00,SINGLE_GATE_FAIL,m1_prebreakout_setup_not_ready,train,0.00718,3.4818941504178413,3.4818941504178413,0.6963788300835771,1.392757660167132,1.810584958217265,1.253481894150421,1.1142061281337101,3.7604456824512633,-0.278551532033422
binance_futures,EULUSDT,2026-08-19T11:23:29.172726+00:00,BUY,,train,1.2519,0.10384215991692258,0.08786644300662338,0.38341720584711414,0.26359932901989236,-0.015975716910299198,-0.10384215991693369,0.023963575365448797,0.5990893841361089,-0.39939292275741334
binance,HEIUSDT,2026-08-19T11:25:16.646000+00:00,SINGLE_GATE_FAIL,m1_prebreakout_setup_not_ready,train,0.1423,-0.7027406886858767,-0.913562895291653,-0.983836964160234,-0.6324666198172957,0.9838369641602229,-0.14054813773718422,-0.28109627547435734,0.28109627547434624,-1.2649332396345692
binance,ZROUSDT,2026-08-19T11:26:43.963000+00:00,SINGLE_GATE_FAIL,m1_prebreakout_setup_not_ready,train,0.851,-0.4700352526439522,-0.5875440658049347,-0.4700352526439522,-0.5875440658049347,-0.3525264394829586,-0.4700352526439522,-2.1151586368977737,0.0,-0.7050528789659283
binance,MUBARAKUSDT,2026-08-19T11:27:19.619000+00:00,SINGLE_GATE_FAIL,m1_prebreakout_setup_not_ready,train,0.01921,-0.5726184279021496,-0.6246746486205157,-0.9890681936491563,-0.6246746486205157,-0.26028110359188616,-0.9890681936491563,-1.0411244143675336,0.20822488287348673,-1.8219677251431698
binance,EULUSDT,2026-08-19T11:29:41.233000+00:00,SINGLE_GATE_FAIL,m1_prebreakout_setup_not_ready,train,1.253,0.31923383878691425,0.0,0.07980845969672856,-0.15961691939345712,-0.07980845969671746,-0.3990422984836317,0.31923383878691425,0.5586592178770999,-0.15961691939345712
binance,HEIUSDT,2026-08-19T11:30:18.612000+00:00,SINGLE_GATE_FAIL,m1_prebreakout_setup_not_ready,train,0.1407,0.284292821606269,0.4975124378109541,1.2793176972281328,2.1321961620469176,0.9950248756219082,1.2082444918265933,2.55863539445631,2.061122956645356,-0.1421464108031123
binance,MUBARAKUSDT,2026-08-19T11:31:32.593000+00:00,SINGLE_GATE_FAIL,m1_prebreakout_setup_not_ready,train,0.01911,-0.47095761381475976,-0.2093144950287673,0.366300366300365,0.366300366300365,-0.31397174254316207,0.05232862375721403,-0.5232862375719516,0.7849293563579218,-0.9942438513867002
binance,SIGNUSDT,2026-08-19T11:33:16.297000+00:00,SINGLE_GATE_FAIL,m1_prebreakout_setup_not_ready,train,0.00727,-0.5502063273727709,0.5502063273727487,0.0,0.0,-0.4126547455295837,-0.13755158184319827,-2.4759284731774467,0.9628610729023324,-1.7881705639614998
binance,EULUSDT,2026-08-19T11:33:16.297000+00:00,SINGLE_GATE_FAIL,m1_prebreakout_setup_not_ready,train,1.257,-0.23866348448686736,-0.31821797931582685,-0.4773269689737458,-0.39777247414477523,-0.4773269689737458,-0.31821797931582685,0.0,0.0,-0.6364359586316426
binance,ZROUSDT,2026-08-19T11:33:16.297000+00:00,SINGLE_GATE_FAIL,m1_prebreakout_setup_not_ready,train,0.846,0.0,0.23640661938533203,0.23640661938533203,0.0,-0.23640661938534313,-1.1820330969267157,-1.773049645390068,0.35460992907800915,0.0
binance,HEIUSDT,2026-08-19T11:34:29.298000+00:00,SINGLE_GATE_FAIL,m1_prebreakout_setup_not_ready,train,0.1412,0.9206798866855603,1.6288951841359811,1.8413597733711207,0.9206798866855603,1.5580736543909346,0.6373937677053965,5.3824362606232246,2.1246458923512845,-0.07082152974503542
binance,ESPUSDT,2026-08-19T11:35:08.229000+00:00,SINGLE_GATE_FAIL,m1_prebreakout_setup_not_ready,train,0.07773,0.3216261417728017,0.47600668982377137,0.1929756850636899,0.41168146146919327,0.6818474205583458,0.2958960504309882,-0.41168146146917106,0.5917921008619542,-0.3988164157982643
binance,HEIUSDT,2026-08-19T11:37:33.417000+00:00,SINGLE_GATE_FAIL,m1_prebreakout_setup_not_ready,train,0.1425,0.8421052631578885,0.9122807017543977,-0.280701754385948,0.07017543859650921,-0.070175438596487,-0.280701754385948,4.280701754385974,1.1929824561403457,-0.42105263157894424
binance,EULUSDT,2026-08-19T11:38:44.770000+00:00,SINGLE_GATE_FAIL,m1_prebreakout_setup_not_ready,train,1.254,-0.31897926634768536,-0.15948963317384823,-0.31897926634768536,-0.23923444976077235,-0.07974481658693522,-0.07974481658693522,0.15948963317384823,0.07974481658692412,-0.3987240829345984
binance,ZROUSDT,2026-08-19T11:39:18.021000+00:00,SINGLE_GATE_FAIL,m1_prebreakout_setup_not_ready,train,0.848,0.0,-0.2358490566037763,-0.1179245283018826,-0.3537735849056589,-1.297169811320753,-2.004716981132082,-2.1226415094339646,0.0,-0.4716981132075526
binance,MUBARAKUSDT,2026-08-19T11:40:29.271000+00:00,SINGLE_GATE_FAIL,m1_prebreakout_setup_not_ready,train,0.01921,-0.7287870900572702,-0.8328995314940135,-0.8328995314940135,-0.7287870900572702,-0.7287870900572702,-0.6767308693388929,-3.019260801665802,0.3643935450286184,-1.145236855804277
binance,ESPUSDT,2026-08-19T11:40:29.271000+00:00,SINGLE_GATE_FAIL,m1_prebreakout_setup_not_ready,train,0.07816,-0.6397134083930278,-0.140736949846465,0.12794268167861667,0.12794268167861667,-0.2558853633572,-0.24309109518935168,-0.2558853633572,0.23029682702151444,-0.9467758444216878
binance,SIGNUSDT,2026-08-19T11:41:08.725000+00:00,SINGLE_GATE_FAIL,m1_prebreakout_setup_not_ready,train,0.00727,-0.27510316368638543,-1.6506189821183015,-0.4126547455295837,0.0,-1.375515818431916,-2.2008253094910613,-3.5763411279229773,0.5502063273727487,-2.063273727647874
binance,HEIUSDT,2026-08-19T11:41:44.825000+00:00,SINGLE_GATE_FAIL,m1_prebreakout_setup_not_ready,train,0.1437,-0.8350730688935326,-0.974251913709101,-0.20876826722338038,-0.7654836464857318,-1.1830201809325036,0.41753653444678296,2.713987473903967,0.3479471120389599,-1.2526096033402934
binance,ESPUSDT,2026-08-19T11:41:44.825000+00:00,SINGLE_GATE_FAIL,buy_pressure_not_confirmed,train,0.07809,-0.17928031758227547,0.02561147394031238,0.24330900243307862,0.03841721091046857,-0.16647458061211928,-0.10244589576131613,-0.49942374183634675,0.32014342425406017,-0.8579843770008977
binance,HEIUSDT,2026-08-19T11:43:32.385000+00:00,SINGLE_GATE_FAIL,buy_pressure_not_confirmed,train,0.1436,-0.9052924791086325,-0.6267409470752217,-0.696378830083566,-0.8356545961002881,-1.0445682451253546,2.2980501392757535,0.7660167130919104,0.0,-1.1838440111420656
binance,MUBARAKUSDT,2026-08-19T11:43:32.385000+00:00,SINGLE_GATE_FAIL,m1_prebreakout_setup_not_ready,train,0.01915,-0.5221932114882422,-0.5221932114882422,-0.15665796344647154,-1.0443864229764954,-0.6266318537859084,-2.4020887728459672,-1.5665796344647598,0.05221932114882755,-0.8355091383812074
binance,SIGNUSDT,2026-08-19T11:44:43.942000+00:00,SINGLE_GATE_FAIL,m1_prebreakout_setup_not_ready,train,0.00727,-1.375515818431916,-0.27510316368638543,-0.27510316368638543,-0.13755158184319827,-1.7881705639614998,-2.063273727647874,-3.98899587345255,0.5502063273727487,-2.063273727647874
binance,ZROUSDT,2026-08-19T11:44:43.942000+00:00,SINGLE_GATE_FAIL,m1_prebreakout_setup_not_ready,train,0.847,0.0,-0.23612750885477762,-0.8264462809917328,-1.1806375442739103,-1.8890200708382543,-2.125147579693032,-1.6528925619834767,0.11806375442739991,-1.416765053128688
binance,EULUSDT,2026-08-19T11:45:29.247000+00:00,SINGLE_GATE_FAIL,m1_prebreakout_setup_not_ready,train,1.252,-0.07987220447285281,-0.15974440894568342,0.07987220447283061,-0.07987220447285281,0.4792332268370503,0.23961661341851404,0.07987220447283061,0.07987220447283061,-0.31948881789137795
binance,ESPUSDT,2026-08-19T11:47:20.884000+00:00,SINGLE_GATE_FAIL,m1_prebreakout_setup_not_ready,train,0.07811,0.1920368710792486,-0.21764178722315508,-0.1920368710792486,-0.3840737421584861,-0.17923441300730092,-0.7169376520291926,-0.2688516195109458,0.2944565356548523,-0.5761106132377347
binance,HEIUSDT,2026-08-19T11:49:06.874000+00:00,SINGLE_GATE_FAIL,m1_prebreakout_setup_not_ready,train,0.1426,-0.14025245441795509,-0.3506311360448766,-0.42075736325386526,0.8415147265077083,4.347826086956519,4.488078541374474,0.6311360448807646,0.5610098176717981,-0.6311360448807979
binance,SIGNUSDT,2026-08-19T11:49:06.874000+00:00,SINGLE_GATE_FAIL,m1_prebreakout_setup_not_ready,train,0.00722,0.41551246537396835,0.5540166204986097,-0.6925207756232621,-1.1080332409972304,-1.3850415512465464,-2.3545706371191133,-3.7396121883656597,0.969529085872578,-1.5235457063711877
binance,MUBARAKUSDT,2026-08-19T11:49:44.127000+00:00,SINGLE_GATE_FAIL,m1_prebreakout_setup_not_ready,train,0.01906,0.0,-0.41972717733473885,-0.2623294858342118,0.2623294858342007,-2.2035676810073457,-2.098635886673672,-1.5215110178384172,0.5246589716684014,-0.891920251836309
binance,ESPUSDT,2026-08-19T11:50:18.247000+00:00,SINGLE_GATE_FAIL,buy_pressure_not_confirmed,train,0.07832,-0.7277834525025506,-0.4596527068437162,-0.6511746680285979,-0.4468845760980611,-1.1618998978549455,-0.4596527068437162,-0.561797752808979,0.0,-0.8426966292134797
binance,ZROUSDT,2026-08-19T11:50:18.247000+00:00,SINGLE_GATE_FAIL,m1_prebreakout_setup_not_ready,train,0.844,-0.9478672985781977,-1.0663507109004766,-1.4218009478673022,-1.54028436018957,-1.7772511848341277,-1.54028436018957,-1.0663507109004766,0.0,-1.7772511848341277
binance,SIGNUSDT,2026-08-19T11:52:07.625000+00:00,SINGLE_GATE_FAIL,m1_prebreakout_setup_not_ready,train,0.00726,-0.4132231404958664,-1.1019283746556474,-1.6528925619834767,-2.066115702479343,-3.1680440771349905,-3.581267217630857,-3.7190082644628086,0.4132231404958553,-2.066115702479343
binance,ESPUSDT,2026-08-19T11:52:43.631000+00:00,SINGLE_GATE_FAIL,m1_prebreakout_setup_not_ready,train,0.07813,-0.21758607449123835,-0.4095737872776173,-0.20478689363881974,-0.20478689363881974,-0.7423524894406897,-0.34557788301549097,-0.19198771278640114,0.012799180852418601,-0.6015615000639962
binance,HEIUSDT,2026-08-19T11:54:32.680000+00:00,SINGLE_GATE_FAIL,m1_prebreakout_setup_not_ready,train,0.1425,-0.280701754385948,0.9122807017543977,1.6140350877193121,4.421052631578948,4.561403508771944,1.6842105263157992,0.49122807017545345,3.157894736842115,-0.5614035087719293
binance,HEMIUSDT,2026-08-19T11:55:56.777000+00:00,SINGLE_GATE_FAIL,extreme_24h_range,train,0.0091,-0.3296703296703396,0.0,-0.7692307692307776,-2.0879120879121027,1.8681318681318615,3.8461538461538325,5.604395604395607,1.758241758241752,-1.978021978021971
binance,SIGNUSDT,2026-08-19T11:55:56.777000+00:00,SINGLE_GATE_FAIL,m1_prebreakout_setup_not_ready,train,0.00726,-1.377410468319562,-1.5151515151515138,-2.3415977961432466,-2.066115702479343,-3.1680440771349905,-4.545454545454541,-4.820936639118456,0.13774104683195176,-2.617079889807161
binance,REUSDT,2026-08-19T11:55:56.777000+00:00,SINGLE_GATE_FAIL,m1_band_width_not_expanding,train,0.4217,-0.30827602561063205,0.5691249703580592,1.4228124258951924,1.0196822385582172,0.9959686981266369,0.9248280768318518,0.9248280768318518,1.565093668484696,-0.5216978894949098
binance,REUSDT,2026-08-19T11:56:28.374000+00:00,SINGLE_GATE_FAIL,sell_pressure_dominant,train,0.4209,0.07127583749109156,1.2354478498455723,1.449275362318847,1.4017581373247934,1.116654787360405,1.1641720123544808,1.2592064623426102,1.758137324780229,-0.3326205749584199
binance,ESPUSDT,2026-08-19T11:57:44.065000+00:00,SINGLE_GATE_FAIL,m1_prebreakout_setup_not_ready,train,0.07797,0.0,0.0,-0.7182249583172928,-0.538668718737978,-0.1410799025266085,-0.08977811978966299,0.282159805053217,0.19238168526356514,-0.7951776324227167
binance,HEIUSDT,2026-08-19T11:58:21.146000+00:00,SINGLE_GATE_FAIL,m1_prebreakout_setup_not_ready,train,0.1421,1.5482054890922026,3.37790288529205,5.066854327938053,4.92610837438423,1.8296973961998475,1.407459535538358,1.6185784658691027,6.263194933145666,-0.07037297677693344
binance,REUSDT,2026-08-19T11:58:51.927000+00:00,SINGLE_GATE_FAIL,m1_prebreakout_setup_not_ready,train,0.4202,1.4040932889100244,1.7848643503093786,1.5706806282722585,1.5230842455973281,1.5944788196097015,1.4278914802475118,1.5944788196097015,1.9276534983341254,-0.16658733936221193
binance,EULUSDT,2026-08-19T12:00:52.587000+00:00,SINGLE_GATE_FAIL,m1_prebreakout_setup_not_ready,train,1.257,0.0,-0.15910898965791898,-0.07955449482894839,-0.39777247414477523,-0.31821797931582685,-0.7159904534606132,0.6364359586316537,0.15910898965791898,-0.39777247414477523
binance,HEIUSDT,2026-08-19T12:01:30.536000+00:00,SINGLE_GATE_FAIL,m1_prebreakout_setup_not_ready,train,0.1442,3.1900138696255187,3.5367545076282925,3.328710124826628,2.3578363384188616,-0.554785020804438,-0.4854368932038833,0.06934812760057696,4.715672676837723,-0.20804438280166426
binance,ESPUSDT,2026-08-19T12:01:30.536000+00:00,SINGLE_GATE_FAIL,m1_prebreakout_setup_not_ready,train,0.07798,-0.5770710438573912,-0.5001282380097338,-0.2180046165683347,-0.35906642728903426,0.01282380097462621,0.0,0.1923570146191489,0.17953321364452268,-0.8078994614003521
binance,SIGNUSDT,2026-08-19T12:02:05.294000+00:00,SINGLE_GATE_FAIL,m1_prebreakout_setup_not_ready,train,0.00711,0.0,-1.1251758087201136,-0.8438818565400852,-1.5471167369901506,-3.0942334739803012,-1.6877637130801704,-3.3755274261603296,0.5625879043600568,-1.6877637130801704
binance,HEIUSDT,2026-08-19T12:03:56.187000+00:00,BUY,,train,0.1447,3.178991015894961,3.0407740152038842,2.0041465100207434,0.0,-0.4146510020732519,-0.8984105044920532,-0.20732550103662595,4.353835521769178,0.0
binance_futures,HEIUSDT,2026-08-19T12:03:56.765350+00:00,BUY,,train,0.14472,3.0541735765616362,2.7985074626865947,1.920950801547816,-0.0760088446655649,-0.5389718076285077,-0.9881149806522882,-0.2625760088446616,4.235765616362652,-0.16583747927030323
binance,ESPUSDT,2026-08-19T12:04:32.489000+00:00,SINGLE_GATE_FAIL,m1_prebreakout_setup_not_ready,train,0.07775,-0.25723472668810476,0.07717041800643365,0.1414790996784543,0.11575562700965047,0.012861736334390805,0.4887459807074057,0.1543408360128451,0.3086816720257346,-0.5144694533761984
binance,HEIUSDT,2026-08-19T12:05:19.360000+00:00,SINGLE_GATE_FAIL,m1_prebreakout_setup_not_ready,train,0.1487,0.26899798251514007,-0.8742434431741719,-1.0759919300605159,-2.7572293207800858,-2.891728312037656,-3.7659717552118277,-1.81573638197714,1.5467383994619999,-3.2279757901815698
binance,SIGNUSDT,2026-08-19T12:05:56.516000+00:00,SINGLE_GATE_FAIL,m1_prebreakout_setup_not_ready,train,0.00712,-0.98314606741573,-1.2640449438202195,-1.6853932584269593,-2.6685393258426893,-2.3876404494381998,-2.949438202247179,-3.93258426966292,0.4213483146067398,-2.3876404494381998
binance,ESPUSDT,2026-08-19T12:08:56.648000+00:00,SINGLE_GATE_FAIL,m1_prebreakout_setup_not_ready,train,0.07757,0.16759056336212996,0.4512053628980217,0.5414464354776438,0.19337372695629185,0.7992780714193515,0.6961454170426595,0.5543380172747137,0.6445790898543358,0.0
binance,EULUSDT,2026-08-19T12:08:56.648000+00:00,SINGLE_GATE_FAIL,m1_prebreakout_setup_not_ready,train,1.258,-0.6359300476947549,-0.15898251192368873,-0.3974562798092274,-0.3974562798092274,-0.23847376788553865,0.23847376788552754,-0.31796502384737746,0.07949125596182771,-0.6359300476947549
binance,MUBARAKUSDT,2026-08-19T12:08:56.648000+00:00,SINGLE_GATE_FAIL,m1_prebreakout_setup_not_ready,train,0.01866,-0.0535905680600246,1.0182207931404008,0.643086816720273,0.643086816720273,2.8403001071811262,2.1972132904608754,2.4115755627009516,1.3397642015005262,-0.37513397642015
binance,HEIUSDT,2026-08-19T12:09:32.736000+00:00,SINGLE_GATE_FAIL,m1_prebreakout_setup_not_ready,train,0.149,-1.2751677852348875,-2.751677852348988,-3.9597315436241565,-3.691275167785235,-3.892617449664426,-2.751677852348988,-2.2147651006711344,0.6711409395973256,-4.36241610738255
binance,SIGNUSDT,2026-08-19T12:10:44.318000+00:00,SINGLE_GATE_FAIL,m1_prebreakout_setup_not_ready,train,0.00704,-0.5681818181818232,-1.5625,-1.5625,-1.278409090909105,-1.846590909090906,-2.272727272727282,-2.840909090909094,0.28409090909091717,-2.272727272727282
binance,MUBARAKUSDT,2026-08-19T12:11:56.730000+00:00,SINGLE_GATE_FAIL,m1_prebreakout_setup_not_ready,train,0.01866,1.2325830653804992,0.643086816720273,0.5894962486602262,1.5005359056806,2.62593783494105,2.0900321543408484,1.3933547695605508,1.3397642015005262,-0.1071811361200381
binance,ESPUSDT,2026-08-19T12:11:56.730000+00:00,SINGLE_GATE_FAIL,m1_prebreakout_setup_not_ready,train,0.07796,-0.1539250897896305,0.0384812724474104,-0.2565418163160693,0.02565418163160693,0.192406362237052,0.21806054386865892,0.5643919958953303,0.14109799897383812,-0.5515649050795268
binance,PUMPUSDT,2026-08-19T12:13:44.271000+00:00,SINGLE_GATE_FAIL,m1_prebreakout_setup_not_ready,train,0.003002,-0.3664223850766035,-0.3331112591605567,-0.3664223850766035,-0.3997335109926614,-0.532978014656893,0.0,0.4663557628247883,0.033311125916068995,-0.4663557628247772
binance,ZROUSDT,2026-08-19T12:15:33.611000+00:00,SINGLE_GATE_FAIL,m1_prebreakout_setup_not_ready,train,0.834,0.23980815347721673,0.11990407673860837,0.0,-0.11990407673860837,0.3597122302158251,0.0,0.11990407673860837,0.47961630695443347,-0.11990407673860837
binance,HEIUSDT,2026-08-19T12:16:05.812000+00:00,SINGLE_GATE_FAIL,m1_prebreakout_setup_not_ready,train,0.1446,-0.7607192254495243,-0.7607192254495243,-0.8298755186722073,-0.3457814661134151,-0.20746887966804906,0.8990318118948792,0.8990318118948792,0.20746887966804906,-1.4522821576763656
binance,REUSDT,2026-08-19T12:17:19.725000+00:00,SINGLE_GATE_FAIL,m1_prebreakout_setup_not_ready,train,0.4258,0.704556129638334,0.30530765617660105,-0.046970408642565964,0.5636449037106583,-0.2583372475340462,0.0,0.2348520432127854,0.8454673555659875,-0.5166744950681146
binance,ESPUSDT,2026-08-19T12:17:56.286000+00:00,SINGLE_GATE_FAIL,m1_prebreakout_setup_not_ready,train,0.07801,-0.16664530188436055,-0.03845660812716867,0.3204717343930241,0.2307396487629676,0.038456608127157565,-0.025637738751427275,0.3204717343930241,0.3717472118959009,-0.6153057300345988
binance,BIOUSDT,2026-08-19T12:18:29.752000+00:00,SINGLE_GATE_FAIL,m1_prebreakout_setup_not_ready,train,0.02617,-1.490256018341607,-0.5731753916698445,-1.0317157050057313,-1.069927397783721,-0.840657241115772,-0.7260221627818031,-0.3056935422239171,0.11463507833398001,-1.5666794038975862
binance,ZROUSDT,2026-08-19T12:19:40.889000+00:00,SINGLE_GATE_FAIL,m1_prebreakout_setup_not_ready,train,0.835,-0.11976047904191933,0.0,0.0,0.0,0.0,0.0,0.23952095808383866,0.23952095808383866,-0.23952095808382756
binance,HEIUSDT,2026-08-19T12:19:40.889000+00:00,SINGLE_GATE_FAIL,m1_prebreakout_setup_not_ready,train,0.1438,-0.6258692628650975,-0.417246175243402,0.4172461752433909,0.7649513212795389,0.8344923504867818,1.3212795549373935,1.4603616133518793,0.7649513212795389,-0.7649513212795722
binance,REUSDT,2026-08-19T12:21:30.515000+00:00,SINGLE_GATE_FAIL,m1_prebreakout_setup_not_ready,train,0.4287,-0.7231163984138256,-0.5831583858175837,-0.7464427338465196,-0.8864007464427393,-0.8164217401446239,-0.4665267086540692,-0.5131793795194906,0.11663167716351452,-1.1896431070678948
binance,EULUSDT,2026-08-19T12:22:06.233000+00:00,SINGLE_GATE_FAIL,m1_prebreakout_setup_not_ready,train,1.25,1.1200000000000099,1.200000000000001,0.8000000000000007,1.4399999999999968,0.40000000000000036,0.8000000000000007,1.2799999999999923,1.6000000000000014,-0.07999999999999119
binance,ESPUSDT,2026-08-19T12:22:44.037000+00:00,SINGLE_GATE_FAIL,m1_prebreakout_setup_not_ready,train,0.07803,0.294758426246311,0.2050493399974318,0.1922337562475951,0.012815583749836712,-0.05126233499935795,0.3844675124951902,0.25631167499677865,0.34602076124565784,-0.11534025374856371
binance,HEIUSDT,2026-08-19T12:22:44.037000+00:00,SINGLE_GATE_FAIL,m1_prebreakout_setup_not_ready,train,0.1434,-0.20920502092049986,0.6973500697350143,0.8368200836820217,0.8368200836820217,1.115760111576014,1.8131101813110062,2.092050209205021,1.0460251046025215,-0.4881450488145145
binance,MUBARAKUSDT,2026-08-19T12:24:32.415000+00:00,SINGLE_GATE_FAIL,m1_prebreakout_setup_not_ready,train,0.01924,-0.519750519750517,-0.5717255717255676,-1.1434511434511463,-0.31185031185031464,-0.7276507276507305,-1.7151767151767139,-0.6756756756756799,0.4677754677754775,-1.2474012474012475
binance,EDENUSDT,2026-08-19T12:24:32.416000+00:00,SINGLE_GATE_FAIL,m1_prebreakout_setup_not_ready,train,0.05613,-0.14252627828255093,0.0,-0.8017103153393879,-1.0689470871191764,-0.24942098699447524,-0.6591840370568369,0.7482629609834479,0.5166577587742749,-1.1223944414751497
binance,HEIUSDT,2026-08-19T12:26:53.558000+00:00,SINGLE_GATE_FAIL,m1_prebreakout_setup_not_ready,train,0.1433,1.1165387299371776,0.6978367062107527,1.1863224005582484,1.8143754361479303,2.581995812979754,1.8143754361479303,2.093510118632236,1.9539427773900941,0.0
binance,EULUSDT,2026-08-19T12:27:32.389000+00:00,SINGLE_GATE_FAIL,m1_prebreakout_setup_not_ready,train,1.265,0.0,0.2371541501976271,-0.07905138339919793,-0.7905138339920903,-0.39525691699603405,0.07905138339920903,0.4743083003952542,0.39525691699606735,-0.4743083003952542
binance,ZROUSDT,2026-08-19T12:28:05.771000+00:00,SINGLE_GATE_FAIL,m1_prebreakout_setup_not_ready,train,0.835,0.11976047904191933,-0.11976047904191933,-0.11976047904191933,0.11976047904191933,0.23952095808383866,0.359281437125758,0.8383233532934131,0.23952095808383866,-0.3592814371257469
binance,MUBARAKUSDT,2026-08-19T12:29:20.961000+00:00,SINGLE_GATE_FAIL,m1_prebreakout_setup_not_ready,train,0.01905,-0.15748031496064518,0.6824146981627255,0.5249343832020914,0.2624671916010346,-0.734908136482948,0.31496062992124596,0.787401574803126,0.9973753280839937,-0.2624671916010568
binance,REUSDT,2026-08-19T12:29:56.807000+00:00,BUY,,train,0.4269,-0.5153431717029755,-0.3045209650972214,-0.2576715858514822,-0.4450691028343945,-0.6324666198172846,-0.04684937924571697,-0.5621925509487036,0.09369875849145615,-0.8432888264230498
binance,HEIUSDT,2026-08-19T12:29:56.807000+00:00,SINGLE_GATE_FAIL,m1_prebreakout_setup_not_ready,train,0.1443,0.20790020790020236,0.4851004851004648,0.4851004851004648,0.9702009702009518,1.1781011781011541,1.108801108801094,1.593901593901581,1.3860013860013787,-0.6930006930006893
binance_futures,REUSDT,2026-08-19T12:29:57.330231+00:00,BUY,,train,0.4261,-0.49284205585543583,-0.2816240319173824,-0.16428068528513418,-0.3754987092231876,-0.5632480638347759,0.0,-0.49284205585543583,0.09387467730579413,-0.8448720957521694
binance,HEMIUSDT,2026-08-19T12:41:44.905000+00:00,SINGLE_GATE_FAIL,extreme_24h_range,train,0.00966,-0.31055900621118626,-0.41407867494823725,-0.20703933747412417,-0.20703933747412417,-1.2422360248447228,-3.9337474120082816,-4.761904761904767,0.31055900621117516,-1.1387163561076719
binance,HEIUSDT,2026-08-19T12:41:44.905000+00:00,SINGLE_GATE_FAIL,m1_prebreakout_setup_not_ready,train,0.1472,-0.815217391304357,-0.8831521739130377,-0.8831521739130377,-0.27173913043476716,-0.6114130434782483,1.086956521739113,-1.4945652173913082,0.0,-1.6304347826086807
binance,ZROUSDT,2026-08-19T12:41:44.905000+00:00,SINGLE_GATE_FAIL,m1_prebreakout_setup_not_ready,train,0.836,0.0,0.0,0.11961722488038617,0.3588516746411585,1.0765550239234534,1.4354066985645897,1.0765550239234534,0.5980861244019087,-0.11961722488038617
binance,ESPUSDT,2026-08-19T12:42:53.053000+00:00,SINGLE_GATE_FAIL,m1_prebreakout_setup_not_ready,train,0.07837,-0.19139977032027744,-0.1403598315682042,-0.19139977032027744,-0.1786397856322619,-0.1786397856322619,-0.06379992344008878,0.5103993875207546,0.03827995406406881,-0.3955595253285593
binance,MUBARAKUSDT,2026-08-19T12:43:32.926000+00:00,SINGLE_GATE_FAIL,m1_prebreakout_setup_not_ready,train,0.01888,0.5296610169491567,0.8474576271186418,1.53601694915253,1.3241525423728806,1.4300847457627164,0.3177966101694851,-0.5296610169491456,2.1186440677966045,-0.4237288135593209
binance,MRVLBUSDT,2026-08-19T12:44:44.786000+00:00,SINGLE_GATE_FAIL,m1_prebreakout_setup_not_ready,train,242.07,-1.2310488701615219,-1.3467178915189781,-0.5783451067872925,0.8716486966579895,1.3095385632255097,0.3800553558888087,0.9666625356301806,0.8881728425661928,-1.7598215392241823
binance,HEIUSDT,2026-08-19T12:45:55.614000+00:00,SINGLE_GATE_FAIL,m1_prebreakout_setup_not_ready,train,0.1459,-0.4112405757368043,0.4112405757368043,0.4112405757368043,0.4112405757368043,1.1651816312542973,1.7135023989033549,-1.3022618231665617,0.8910212474297463,-0.6854009595613442
binance,RSRUSDT,2026-08-19T12:46:28.183000+00:00,BUY,,train,0.001227,0.4889975550122161,0.4889975550122161,0.16299918500408683,-0.24449877750610804,-0.08149959250203231,0.32599837000815146,0.9779951100244544,0.5704971475142706,-0.6519967400163029
binance_futures,RSRUSDT,2026-08-19T12:46:28.865577+00:00,BUY,,train,0.001226,0.32626427406197145,0.2446982055464897,0.16313213703098572,-0.4893964110930016,-0.16313213703099683,0.16313213703098572,0.7340946166394691,0.5709624796084611,-0.7340946166394913
binance,MUBARAKUSDT,2026-08-19T12:47:06.591000+00:00,SINGLE_GATE_FAIL,m1_prebreakout_setup_not_ready,train,0.01899,1.1058451816745585,0.36861506055818616,0.6319115323854652,1.0005265929436513,0.7372301211163945,-1.421800947867291,-2.5803054239073253,1.5271195365982093,-0.15797788309636074
binance,ESPUSDT,2026-08-19T12:48:16.543000+00:00,SINGLE_GATE_FAIL,m1_prebreakout_setup_not_ready,train,0.07828,-0.05109862033725321,-0.11497189575881972,0.025549310168626604,0.03832396525293991,0.12774655084313302,0.9070005109862,0.8559018906489468,0.14052120592744632,-0.28104241185488155
binance,RSRUSDT,2026-08-19T12:48:16.543000+00:00,SINGLE_GATE_FAIL,m1_prebreakout_setup_not_ready,train,0.001229,0.32546786004881145,0.24410089503661414,-0.5695687550854367,-0.32546786004882255,-0.16273393002441683,0.32546786004881145,1.3832384052074653,0.40683482506103097,-0.8136696501220508
binance,HEIUSDT,2026-08-19T12:49:29.493000+00:00,SINGLE_GATE_FAIL,m1_prebreakout_setup_not_ready,train,0.1454,0.687757909215958,0.687757909215958,1.031636863823926,0.8253094910591452,2.957359009628613,0.06877579092159358,-2.2008253094910613,1.1004126547455195,0.0
binance,ZROUSDT,2026-08-19T12:50:04.569000+00:00,SINGLE_GATE_FAIL,m1_prebreakout_setup_not_ready,train,0.839,0.23837902264600697,0.7151370679380209,0.5959475566150285,0.7151370679380209,0.8343265792610355,0.8343265792610355,1.4302741358760418,0.8343265792610355,-0.11918951132300348
binance,MUBARAKUSDT,2026-08-19T12:50:40.929000+00:00,SINGLE_GATE_FAIL,m1_prebreakout_setup_not_ready,train,0.01911,0.10465724751440586,-0.05232862375719183,0.20931449502878952,0.6279434850863463,-1.3082155939298845,-1.46520146520146,-2.511773940345352,0.8895866038723277,-0.41862899005756793
binance,REUSDT,2026-08-19T12:51:16.288000+00:00,SINGLE_GATE_FAIL,m1_prebreakout_setup_not_ready,train,0.4267,0.09374267635340328,-0.04687133817671274,-0.5390203890321077,-0.7499414108272928,-0.28122802906024313,-0.35153503632529004,0.32809936723692257,0.16404968361847239,-0.7499414108272928
binance,MRVLBUSDT,2026-08-19T12:51:54.548000+00:00,SINGLE_GATE_FAIL,m1_prebreakout_setup_not_ready,train,239.03,2.1545412709701672,2.029034012467057,2.5980002510145095,2.5352466217629654,1.6483286616742587,2.614734552148268,2.7527925365016914,3.3426766514663475,-0.09203865623561569
binance,RSRUSDT,2026-08-19T12:51:54.548000+00:00,SINGLE_GATE_FAIL,buy_pressure_not_confirmed,train,0.001231,-0.16246953696182898,-0.5686433793663737,-0.5686433793663737,-0.4061738424045447,0.0,0.4061738424045336,0.32493907392363575,0.2437043054427157,-0.9748172217709294
binance,RSRUSDT,2026-08-19T12:53:08.666000+00:00,SINGLE_GATE_FAIL,m1_prebreakout_setup_not_ready,train,0.001233,-0.7299270072992581,-0.6488240064882356,-0.7299270072992581,-0.48661800486617945,0.0,0.6488240064882467,0.16220600162206722,0.0,-1.135442011354415
binance,HEIUSDT,2026-08-19T12:53:08.666000+00:00,SINGLE_GATE_FAIL,m1_prebreakout_setup_not_ready,train,0.1464,-0.0683060109289535,-0.1366120218579292,0.819672131147553,2.049180327868849,-0.0683060109289535,-0.6830601092896127,-3.346994535519132,2.1174863387978027,-0.8879781420764954
binance,MUBARAKUSDT,2026-08-19T12:53:44.739000+00:00,SINGLE_GATE_FAIL,m1_prebreakout_setup_not_ready,train,0.01906,0.4721930745015701,0.4721930745015701,0.20986358866734722,-0.6295907660021083,-1.4690451206715527,-1.4690451206715527,-2.3609653725078616,0.9968520461699937,-0.15739769150053817
binance,ZROUSDT,2026-08-19T12:54:53.714000+00:00,SINGLE_GATE_FAIL,lob_pattern_blocked_momentum_continuation,train,0.842,0.23752969121140222,0.23752969121140222,0.7125890736342066,0.7125890736342066,0.5938242280284944,0.8313539192398967,1.306413301662701,0.8313539192398967,-0.11876484560570111
binance,ESPUSDT,2026-08-19T12:55:36.517000+00:00,SINGLE_GATE_FAIL,m1_prebreakout_setup_not_ready,train,0.07832,-0.012768130745655082,0.01276813074564398,0.0766087844739527,0.4596527068437162,0.7150153217569066,0.7405515832482168,1.5960163432073626,0.10214504596526286,-0.17875383043922666
binance,ZROUSDT,2026-08-19T12:55:36.517000+00:00,SINGLE_GATE_FAIL,m1_prebreakout_setup_not_ready,train,0.844,-0.23696682464454666,0.11848341232227888,0.5924170616113722,0.23696682464455776,0.23696682464455776,0.7109004739336511,0.9478672985782088,0.7109004739336511,-0.35545023696682554
binance,HEMIUSDT,2026-08-19T13:32:31.995000+00:00,SINGLE_GATE_FAIL,extreme_24h_range,train,0.00937,-0.9605122732123772,-0.9605122732123772,0.10672358591248265,1.1739594450373536,0.747065101387423,0.10672358591248265,0.747065101387423,0.747065101387423,-1.9210245464247544
binance,MUBARAKUSDT,2026-08-19T13:32:31.996000+00:00,SINGLE_GATE_FAIL,m1_prebreakout_setup_not_ready,train,0.01885,1.061007957559701,0.6896551724137945,0.5305039787798504,1.3262599469495928,3.129973474801062,2.44031830238729,3.183023872679036,1.485411140583559,-0.21220159151192908
binance,RSRUSDT,2026-08-19T13:32:31.996000+00:00,SINGLE_GATE_FAIL,m1_prebreakout_setup_not_ready,train,0.001239,-0.5649717514124353,-0.4842615012106699,-0.16142050040355294,0.0,0.6456820016142117,0.32284100080708367,0.6456820016142117,0.08071025020177647,-0.8071025020177536
binance,ZROUSDT,2026-08-19T13:32:31.996000+00:00,SINGLE_GATE_FAIL,m1_prebreakout_setup_not_ready,train,0.85,0.9411764705882453,0.9411764705882453,1.0588235294117565,1.4117647058823568,1.6470588235294237,1.0588235294117565,1.5294117647058902,1.2941176470588234,0.0
binance,ESPUSDT,2026-08-19T13:34:57.171000+00:00,SINGLE_GATE_FAIL,lob_spoof,train,0.08018,-0.23696682464454666,-0.09977550511348632,-0.6859565976552684,-0.2743826390621096,-1.3095535046146134,-0.2743826390621096,-1.4342728860064824,0.3991020204539897,-0.8605637316038917
binance,REUSDT,2026-08-19T13:34:57.171000+00:00,SINGLE_GATE_FAIL,m1_prebreakout_setup_not_ready,train,0.4245,-0.4711425206124886,-0.5418138987043464,-0.447585394581862,-1.1307420494699572,-0.5889281507656108,0.5182567726737419,1.3191990577149593,0.11778563015312216,-0.8244994110718551
binance,ZROUSDT,2026-08-19T13:35:41.992000+00:00,BUY,,train,0.855,0.23391812865496409,0.4678362573099504,0.8187134502924076,0.9356725146198785,0.5847953216374213,0.9356725146198785,1.637426900584793,1.0526315789473717,-0.11695906432748204
binance,HEMIUSDT,2026-08-19T13:35:41.992000+00:00,SINGLE_GATE_FAIL,extreme_24h_range,train,0.00927,0.3236245954692407,1.1866235167205863,1.5102481121898492,0.9708737864077666,1.6181229773462702,1.0787486515641875,2.6968716289104577,2.373247033441195,-0.3236245954692629
binance,RSRUSDT,2026-08-19T13:35:41.992000+00:00,SINGLE_GATE_FAIL,m1_prebreakout_setup_not_ready,train,0.001234,0.16207455429495532,0.24311183144245518,0.7293354943273878,1.0534846029173428,0.6482982171799101,0.5672609400324102,1.296596434359798,0.7293354943273878,-0.32414910858995505
binance_futures,ZROUSDT,2026-08-19T13:35:42.537359+00:00,BUY,,train,0.8534,0.17576751816263947,0.48043121631122787,0.6913522381063908,0.8788375908132195,0.5507382235762748,0.8671197562690303,1.7108038434497264,1.0897586126083825,-0.023435669088367472
binance,ZROUSDT,2026-08-19T13:45:48.908000+00:00,SINGLE_GATE_FAIL,m1_prebreakout_setup_not_ready,train,0.863,-0.11587485515642815,-0.34762456546929554,-0.2317497103128674,0.0,0.2317497103128563,0.6952491309385911,0.34762456546928444,0.2317497103128563,-0.6952491309385911
binance,PUMPUSDT,2026-08-19T13:45:48.908000+00:00,SINGLE_GATE_FAIL,m1_prebreakout_setup_not_ready,train,0.003028,0.06605019815060231,-0.16512549537648358,-0.26420079260236484,-0.2311756935270859,-0.6605019815059454,-0.4623513870541496,-0.7595772787318378,0.2972258916776882,-0.33025099075297826
binance,ZROUSDT,2026-08-19T13:46:44.989000+00:00,BUY,,train,0.862,-0.23201856148491462,-0.34802784222738303,0.23201856148491462,0.11600928074246841,0.11600928074246841,0.8120649651972123,0.46403712296982924,0.34802784222738303,-0.5800464037122977
binance,MUBARAKUSDT,2026-08-19T13:46:44.989000+00:00,SINGLE_GATE_FAIL,lob_pattern_blocked_momentum_continuation,train,0.01926,0.20768431983386737,0.7268951194184803,0.10384215991692258,0.41536863966771254,0.9865005192107867,1.7133956386292892,1.349948078920038,1.1941848390446541,-0.15576323987538387
binance_futures,ZROUSDT,2026-08-19T13:46:45.584971+00:00,BUY,,train,0.8609,-0.3600882797072824,-0.3600882797072824,0.18585201533278806,0.16262051341617845,0.0,0.8827970728307655,0.47624578929028605,0.2903937739574758,-0.5691717969566801
binance,ESPUSDT,2026-08-19T13:55:58.054000+00:00,SINGLE_GATE_FAIL,m1_prebreakout_setup_not_ready,train,0.07999,-0.7000875109388738,-0.8251031378922469,-1.325165645705717,-0.9376172021502649,-1.1126390798849917,-2.25028128516066,-3.175396924615581,0.0,-1.5126890861357656
binance,MUBARAKUSDT,2026-08-19T13:57:55.033000+00:00,SINGLE_GATE_FAIL,m1_prebreakout_setup_not_ready,train,0.01935,0.15503875968994052,0.5167958656330685,0.9302325581395321,0.8785529715762186,1.602067183462541,1.3436692506459957,0.05167958656331351,1.3436692506459957,-0.20671834625322072
binance,ZROUSDT,2026-08-19T14:03:55.136000+00:00,SINGLE_GATE_FAIL,m1_prebreakout_setup_not_ready,train,0.864,0.578703703703698,0.810185185185186,0.3472222222222321,0.11574074074074403,0.578703703703698,0.0,-0.810185185185186,1.041666666666674,-0.11574074074074403
binance,MUBARAKUSDT,2026-08-19T14:04:31.555000+00:00,SINGLE_GATE_FAIL,m1_prebreakout_setup_not_ready,train,0.01941,0.5667181865018023,0.46367851622874934,1.287995878413195,0.41215868109221176,2.112313240597641,0.6182380216383176,0.0,1.494075218959301,0.0
binance,ZROUSDT,2026-08-19T14:08:21.195000+00:00,BUY,,train,0.869,-0.23014959723820505,-0.4602991944764101,-0.345224395857302,0.0,-0.5753739930955071,-0.8055235903337121,-1.4959723820483273,0.4602991944764101,-0.5753739930955071
binance,MUBARAKUSDT,2026-08-19T14:08:21.196000+00:00,SINGLE_GATE_FAIL,m1_prebreakout_setup_not_ready,train,0.01951,0.0,0.4100461301896452,0.05125576627369455,0.61506919528449,0.1025115325474113,-0.25627883136851715,0.563813429010751,0.9738595592003962,-0.46130189646335085
binance,BIOUSDT,2026-08-19T14:08:21.196000+00:00,SINGLE_GATE_FAIL,m1_prebreakout_setup_not_ready,train,0.02659,-0.0752162467092865,-1.5419330575404344,-1.4667168108311368,-1.3915005641218503,-1.2034599473486174,-0.9402030838661202,-0.41368935690108133,0.41368935690109243,-1.767581797668294
binance_futures,ZROUSDT,2026-08-19T14:08:21.766225+00:00,BUY,,train,0.8674,-0.23057412958266132,-0.29974636845745417,-0.2766889554991936,0.0,-0.4726769656444585,-0.7724233341019016,-1.429559603412489,0.5533779109983872,-0.5764353239566367
binance,ZROUSDT,2026-08-19T14:09:55.400000+00:00,SINGLE_GATE_FAIL,m1_prebreakout_setup_not_ready,train,0.87,-0.34482758620689724,-0.5747126436781658,-0.11494252873562871,0.0,-0.6896551724137945,-1.2643678160919603,-1.9540229885057436,0.22988505747125743,-0.6896551724137945
binance,ZROUSDT,2026-08-19T14:20:37.800000+00:00,SINGLE_GATE_FAIL,m1_prebreakout_setup_not_ready,train,0.871,-0.8036739380022917,-1.0332950631458115,-1.0332950631458115,-1.3777267508610858,-1.6073478760045945,-1.7221584385763489,-1.0332950631458115,0.0,-1.4925373134328401
binance,MUBARAKUSDT,2026-08-19T14:20:37.800000+00:00,SINGLE_GATE_FAIL,extreme_24h_range,train,0.01982,-1.4631685166498598,-1.4127144298688332,-1.816347124117046,-1.6649848637739662,-1.5136226034308864,-1.059535822401625,0.5549949545913258,0.8072653884964698,-2.6236125126135157
binance,RSRUSDT,2026-08-19T14:24:09.634000+00:00,SINGLE_GATE_FAIL,m1_prebreakout_setup_not_ready,train,0.001248,-0.1602564102564097,0.24038461538460343,0.24038461538460343,0.7211538461538547,1.12179487179489,1.3621794871794934,0.6410256410256387,0.560897435897445,-0.32051282051280827
binance,ZROUSDT,2026-08-19T14:29:53.168000+00:00,SINGLE_GATE_FAIL,m1_prebreakout_setup_not_ready,train,0.861,-0.34843205574912606,-0.34843205574912606,-0.5807200929152101,-0.9291521486643473,-0.34843205574912606,-0.11614401858304202,0.0,0.0,-1.0452961672473893
binance,RSRUSDT,2026-08-19T14:35:35.442000+00:00,SINGLE_GATE_FAIL,m1_prebreakout_setup_not_ready,train,0.001257,0.5568814638026831,0.39777247414478634,0.31821797931581575,0.7955449482895727,-0.5568814638027053,0.15910898965789677,-0.5568814638027053,0.7159904534606021,0.0
binance,RSRUSDT,2026-08-19T14:36:45.118000+00:00,SINGLE_GATE_FAIL,m1_band_width_not_expanding,train,0.001262,0.0,0.07923930269413404,0.23771790808240212,0.15847860538826808,-0.8716323296355077,-0.6339144215531056,-1.188589540412044,0.3961965134706702,-0.3961965134706813
binance,REUSDT,2026-08-19T14:37:57.056000+00:00,SINGLE_GATE_FAIL,m1_prebreakout_setup_not_ready,train,0.4359,-0.4358797889424171,-0.3211745813260003,-0.4358797889424171,0.06882312456983897,0.0,0.4129387474191226,0.9176416609314009,0.06882312456983897,-0.8947006194081286
binance,GNOUSDT,2026-08-19T14:37:57.056000+00:00,SINGLE_GATE_FAIL,extreme_24h_range,train,114.0,-0.008771929824569202,-0.11403508771929971,-0.035087719298254605,-0.035087719298254605,0.6666666666666821,0.035087719298254605,0.7631578947368434,0.140350877192974,-0.37719298245614263
binance,RSRUSDT,2026-08-19T14:38:43.314000+00:00,SINGLE_GATE_FAIL,m1_prebreakout_setup_not_ready,train,0.001262,0.07923930269413404,-0.07923930269414514,0.15847860538826808,-0.7923930269413626,-0.7923930269413626,-1.7432646592710044,-0.7131537242472397,0.3961965134706702,-0.3961965134706813
binance,RSRUSDT,2026-08-19T14:40:40.565000+00:00,BUY,,train,0.001262,-0.07923930269414514,0.3961965134706702,-0.7923930269413626,-0.9508716323296418,-0.23771790808242432,-2.0602218700475627,-0.3961965134706813,0.3961965134706702,-0.7923930269413626
binance_futures,RSRUSDT,2026-08-19T14:40:41.100544+00:00,BUY,,train,0.001259,-0.2382843526608336,0.4765687053216894,-0.7148530579825119,-0.7942811755361379,-0.3177124702144485,-1.9062748212867353,-0.3177124702144485,0.4765687053216894,-0.8737092930897528
binance,REUSDT,2026-08-19T14:42:56.976000+00:00,SINGLE_GATE_FAIL,m1_prebreakout_setup_not_ready,train,0.4348,-0.18399264029439477,0.32198712051516587,0.1379944802207822,0.25298988040478587,0.6669733210671547,0.6669733210671547,0.965961361545542,0.5059797608095717,-0.3909843606255792
binance,ZROUSDT,2026-08-19T14:42:56.976000+00:00,SINGLE_GATE_FAIL,m1_prebreakout_setup_not_ready,train,0.857,0.3500583430571691,0.3500583430571691,0.5834305717619559,0.8168028004667427,0.9334889148191472,0.7001166861143604,0.0,0.8168028004667427,0.0
binance,MUBARAKUSDT,2026-08-19T14:45:53.117000+00:00,SINGLE_GATE_FAIL,extreme_24h_range,train,0.01969,1.9299136617572543,1.2188928390045817,1.8791264601320634,1.7267648552564685,3.098019299136623,3.50431691213815,3.910614525139655,2.590147282884714,-0.2031488065007525
binance,RSRUSDT,2026-08-19T14:45:53.117000+00:00,SINGLE_GATE_FAIL,m1_prebreakout_setup_not_ready,train,0.001265,-1.0276679841897174,-1.1857707509881465,-1.0276679841897174,-0.4743083003952653,-2.292490118577084,-1.1857707509881465,-1.4229249011857736,0.15810276679839586,-1.2648221343873667
binance,REUSDT,2026-08-19T14:47:43.151000+00:00,SINGLE_GATE_FAIL,m1_prebreakout_setup_not_ready,train,0.4343,0.25328114206768504,0.36840893391665297,1.2664057103384696,0.7828689845728709,0.7828689845728709,1.2894312687082632,1.4736357356665897,1.4275846189270025,-0.04605111673958717
binance,ZROUSDT,2026-08-19T14:47:43.151000+00:00,SINGLE_GATE_FAIL,m1_prebreakout_setup_not_ready,train,0.86,0.23255813953488857,0.46511627906977715,0.6976744186046435,0.5813953488372103,0.34883720930232176,0.5813953488372103,-0.34883720930232176,1.0465116279069875,-0.11627906976744429
binance,RSRUSDT,2026-08-19T14:49:05.803000+00:00,SINGLE_GATE_FAIL,m1_prebreakout_setup_not_ready,train,0.001254,-0.31897926634767426,0.15948963317384823,0.0,-0.9569377990430561,-0.31897926634767426,0.07974481658692412,-0.877192982456132,0.4784688995215447,-1.1164274322168932
binance,ONGUSDT,2026-08-19T14:49:05.803000+00:00,SINGLE_GATE_FAIL,m1_prebreakout_setup_not_ready,train,0.061,-0.4590163934426128,0.5409836065573881,1.098360655737718,1.3278688524590132,1.3606557377049189,0.9836065573770592,0.5573770491803298,1.2295081967213184,-0.5245901639344241
binance,REUSDT,2026-08-19T14:53:30.097000+00:00,SINGLE_GATE_FAIL,m1_prebreakout_setup_not_ready,train,0.4359,0.5047029135122783,0.550584996558845,0.3211745813259892,0.5735260380821394,0.986464785501262,0.6423491626519784,1.0323468685478288,1.0552879100711232,-0.09176416609314453
binance,ZROUSDT,2026-08-19T14:54:05.913000+00:00,SINGLE_GATE_FAIL,m1_prebreakout_setup_not_ready,train,0.867,-0.23068050749711633,-0.692041522491349,-0.692041522491349,-0.11534025374856371,-0.46136101499423265,-1.1534025374855816,-0.8073817762399127,0.23068050749712743,-0.9227220299884653
binance,REUSDT,2026-08-19T14:56:04.983000+00:00,SINGLE_GATE_FAIL,sell_pressure_dominant,train,0.4398,-0.2501136880400323,-0.5684402000909472,-0.3183265120509371,0.09095043201454711,0.02273760800364233,0.11368804001818944,0.9777171441564203,0.04547521600726245,-0.8412914961346107
binance,MUBARAKUSDT,2026-08-19T14:56:04.983000+00:00,SINGLE_GATE_FAIL,extreme_24h_range,train,0.02006,0.7976071784645988,0.6979062811565129,1.3459621136590272,1.5453639082751547,1.3459621136590272,1.6450648055832406,10.269192422731809,2.941176470588247,-0.9970089730807707
binance,ONGUSDT,2026-08-19T14:58:31.011000+00:00,SINGLE_GATE_FAIL,m1_prebreakout_setup_not_ready,train,0.0616,0.2759740259740129,0.016233766233764158,0.06493506493505663,0.14610389610389962,-0.17857142857142794,-0.5032467532467555,0.551948051948048,0.5194805194805197,-0.2759740259740351
binance,REUSDT,2026-08-19T14:59:04.655000+00:00,SINGLE_GATE_FAIL,m1_prebreakout_setup_not_ready,train,0.4383,-0.1368925393566145,0.2053388090349051,0.43349304129589594,0.4106776180698102,0.022815423226107967,0.4791238877481119,2.1902806297056765,0.661647273556909,-0.501939310974231
binance,MRVLBUSDT,2026-08-19T15:01:04.915000+00:00,SINGLE_GATE_FAIL,m1_prebreakout_setup_not_ready,train,233.97,-1.9575159208445547,-0.9873060648801113,-1.1625422062657598,-0.11539941018079425,0.008548104457850592,-0.16668803692780898,-0.23934692481941688,0.0,-2.0259007565072484
binance,CRCLBUSDT,2026-08-19T15:02:33.296000+00:00,SINGLE_GATE_FAIL,m1_prebreakout_setup_not_ready,train,79.76,-0.6770310932798451,-1.0782347041123352,-1.228686058174533,-0.46389167502508544,-1.1409227683049306,-1.0280842527582879,0.35105315947843163,0.18806419257773044,-1.529588766298895
binance,ZROUSDT,2026-08-19T15:03:16.777000+00:00,SINGLE_GATE_FAIL,m1_prebreakout_setup_not_ready,train,0.863,0.5793742757821629,0.34762456546928444,-0.11587485515642815,-1.1587485515643148,-0.5793742757821518,-0.2317497103128674,1.6222479721900385,0.5793742757821629,-0.8111239860950192
binance,REUSDT,2026-08-19T15:04:16.751000+00:00,SINGLE_GATE_FAIL,m1_prebreakout_setup_not_ready,train,0.4385,0.31927023945268473,0.36488027366019526,0.31927023945268473,-0.022805017103755265,0.43329532497149437,0.31927023945268473,2.5541619156214335,0.6157354618015809,-0.0684150513112991
binance,HEMIUSDT,2026-08-19T15:06:52.567000+00:00,SINGLE_GATE_FAIL,extreme_24h_range,train,0.00928,1.0775862068965525,0.6465517241379226,-1.4008620689655138,-5.926724137931039,-4.525862068965525,-0.969827586206895,-5.603448275862066,1.93965517241379,-9.267241379310342
binance,CRCLBUSDT,2026-08-19T15:08:56.867000+00:00,SINGLE_GATE_FAIL,m1_prebreakout_setup_not_ready,train,78.94,0.1266784899924156,0.6840638459589599,0.17734988598936408,-0.24068913098556077,0.29136052698253145,0.7727387889536308,1.6088168229034583,0.8360780339498275,-0.5067139599695847
binance,BIOUSDT,2026-08-19T15:09:41.412000+00:00,BUY,,train,0.02717,0.6624953993374927,1.4722119985277837,2.1347073978652986,2.7603974972395973,2.8708133971291794,4.5270518954729555,7.471475892528523,2.9812292970187837,-0.07361059992638808
binance,ZROUSDT,2026-08-19T15:09:41.412000+00:00,SINGLE_GATE_FAIL,m1_prebreakout_setup_not_ready,train,0.865,-0.9248554913294793,-0.9248554913294793,-0.9248554913294793,-0.6936416184971095,-0.5780346820809301,0.5780346820809301,0.0,0.0,-1.6184971098265888
binance_futures,BIOUSDT,2026-08-19T15:09:42.035743+00:00,BUY,,train,0.02715,0.5893186003683271,1.436464088397793,2.0994475138121693,2.6519337016574607,2.799263351749537,4.530386740331482,7.440147329650104,2.946593001841613,-0.14732965009208732
binance,NIGHTUSDT,2026-08-19T15:10:40.566000+00:00,SINGLE_GATE_FAIL,m1_prebreakout_setup_not_ready,train,0.01874,0.32017075773747017,1.6008537886873064,1.1739594450373536,0.9071504802561359,1.1205976520811234,1.6008537886873064,-0.26680896478122884,2.45464247598719,-0.3735325506937115
binance,REUSDT,2026-08-19T15:12:05.503000+00:00,SINGLE_GATE_FAIL,m1_prebreakout_setup_not_ready,train,0.4399,0.13639463514434347,0.1818595135257839,0.11366219595363436,-0.2045919527165263,1.3184814730620609,2.4096385542168752,3.7735849056603765,0.2500568310979778,-0.7274380541032133
binance,CRCLBUSDT,2026-08-19T15:13:40.976000+00:00,SINGLE_GATE_FAIL,m1_prebreakout_setup_not_ready,train,79.45,-0.4657016991818863,-0.8810572687224738,-0.7300188797986107,-0.35242290748899174,0.1258653241031915,0.7174323473882804,1.787287602265586,0.18879798615480947,-1.0698552548772944
binance,RSRUSDT,2026-08-19T15:13:40.976000+00:00,SINGLE_GATE_FAIL,m1_prebreakout_setup_not_ready,train,0.001257,-1.1137629276054217,-1.1137629276054217,-1.511535401750208,-0.8750994431185433,0.7955449482895727,1.1137629276054106,2.545743834526637,0.31821797931581575,-1.511535401750208
binance,BIOUSDT,2026-08-19T15:14:41.120000+00:00,SINGLE_GATE_FAIL,m1_prebreakout_setup_not_ready,train,0.02743,1.1666059059423972,1.7863652934743124,1.7499088589135958,1.8957345971563955,3.536274152387908,5.0674444039372935,4.2654028436019065,2.4061246810062054,-0.07291286912139983
binance,REUSDT,2026-08-19T15:16:52.569000+00:00,SINGLE_GATE_FAIL,m1_prebreakout_setup_not_ready,train,0.4406,-0.0453926463912846,-0.794371311847486,-0.15887426236949054,0.7943713118474749,2.3377212891511734,2.496595551520664,3.6768043576940412,0.20426690876078624,-0.9532455742169765
binance,ZROUSDT,2026-08-19T15:20:17.577000+00:00,SINGLE_GATE_FAIL,m1_prebreakout_setup_not_ready,train,0.86,0.11627906976743319,0.5813953488372103,1.3953488372093092,1.2790697674418539,0.6976744186046435,0.6976744186046435,0.0,1.744186046511631,-0.23255813953488857
binance,NIGHTUSDT,2026-08-19T15:21:53.762000+00:00,SINGLE_GATE_FAIL,m1_prebreakout_setup_not_ready,train,0.01891,0.21152829190904665,0.9518773135906988,0.7932310946589194,0.6874669487044072,0.15864621893177944,-1.0047593865679438,-1.9037546271813865,1.2162876784770127,-0.26441036488631386
binance,BIOUSDT,2026-08-19T15:22:28.876000+00:00,SINGLE_GATE_FAIL,m1_prebreakout_setup_not_ready,train,0.02797,0.10725777618878496,1.3228459063282072,3.181980693600295,3.2892384697890575,5.970682874508415,3.646764390418311,1.8948873793350085,3.3607436539149216,-0.5005362888809373
binance,MRVLBUSDT,2026-08-19T15:22:28.876000+00:00,SINGLE_GATE_FAIL,m1_prebreakout_setup_not_ready,train,233.39,0.32563520287931524,0.3470585714897778,0.0171386948883967,-0.2785037919362354,-0.2699344444920482,-0.16281760143964652,-0.39418998243283543,0.6169930159818371,-0.11140151677448973
binance,NIGHTUSDT,2026-08-19T15:26:09.034000+00:00,SINGLE_GATE_FAIL,m1_prebreakout_setup_not_ready,train,0.01895,0.5804749340369231,0.4749340369393229,-0.10554089709764458,-0.05277044854883339,-1.2137203166227017,-1.4248021108179576,-1.7414248021108247,1.0026385224274348,-0.474934036939334
binance,ZROUSDT,2026-08-19T15:26:09.034000+00:00,SINGLE_GATE_FAIL,m1_prebreakout_setup_not_ready,train,0.865,0.5780346820809301,0.8092485549132888,1.387283236994219,-0.23121387283236983,0.11560693641619046,-0.6936416184971095,-0.5780346820809301,1.5028901734104094,0.0
binance,BIOUSDT,2026-08-19T15:28:05.543000+00:00,SINGLE_GATE_FAIL,m1_prebreakout_setup_not_ready,train,0.02833,1.659018708083293,1.8355100600070617,3.5651253088598622,4.200494175785385,2.8591599011648317,0.2117896223085003,0.5647723261560156,4.65937169078714,-0.10589481115426125
binance,NIGHTUSDT,2026-08-19T15:29:17.352000+00:00,SINGLE_GATE_FAIL,m1_prebreakout_setup_not_ready,train,0.01905,-0.6824146981627366,-0.8923884514435709,-0.577427821522325,-1.5748031496063075,-2.257217847769033,-2.1522309711286103,-2.4671916010498784,0.31496062992124596,-1.5223097112860962
binance,BMNRBUSDT,2026-08-19T15:29:52.824000+00:00,SINGLE_GATE_FAIL,m1_prebreakout_setup_not_ready,train,20.58,0.09718172983481654,-0.2915451895043719,0.6802721088435382,0.5830903790087438,1.4091350826044735,1.263362487852282,1.0204081632653184,0.6802721088435382,-0.5830903790087327
binance,BIOUSDT,2026-08-19T15:29:52.824000+00:00,BUY,,train,0.02853,1.2618296529968376,1.0164738871363488,3.8906414300736047,2.348405187521907,0.2453557658604888,-0.2453557658604999,0.8762705923589298,3.925692253767954,-0.7010164738871283
binance_futures,BIOUSDT,2026-08-19T15:29:53.328954+00:00,BUY,,train,0.02849,1.263601263601255,1.053001053001057,3.8610038610038533,2.386802386802378,0.2808002808002863,-0.21060021060020917,0.9126009126009027,3.9663039663039523,-0.7722007722007818
binance,REUSDT,2026-08-19T15:31:52.957000+00:00,SINGLE_GATE_FAIL,sell_pressure_dominant,train,0.4486,0.24520731163619747,0.6687472135532779,1.7164511814534045,2.3629068212215776,1.8279090503789508,2.273740526081136,3.1876950512706115,2.4297815425769143,-0.13374944271065115
binance,ZROUSDT,2026-08-19T15:33:05.017000+00:00,SINGLE_GATE_FAIL,m1_prebreakout_setup_not_ready,train,0.873,-1.145475372279492,-1.0309278350515427,-0.8018327605956443,-0.8018327605956443,-1.718213058419249,-1.3745704467354014,-1.145475372279492,0.572737686139746,-1.3745704467354014
binance,BMNRBUSDT,2026-08-19T15:33:05.017000+00:00,SINGLE_GATE_FAIL,m1_prebreakout_setup_not_ready,train,20.62,0.0,0.4849660523763344,0.8244422890397507,0.9699321047526688,0.5819592628515835,0.19398642095052043,0.9699321047526688,1.2609117361784605,-0.533462657613959
binance,BIOUSDT,2026-08-19T15:35:29.148000+00:00,SINGLE_GATE_FAIL,m1_prebreakout_setup_not_ready,train,0.02883,2.393340270551514,0.9712105445716324,1.0752688172043001,-1.5608740894901274,-0.624349635796051,-0.9365244536940764,0.41623309053069324,2.844259451959763,-1.0058966354491883
binance,NIGHTUSDT,2026-08-19T15:36:04.828000+00:00,SINGLE_GATE_FAIL,m1_prebreakout_setup_not_ready,train,0.01893,-0.9508716323296307,-1.1093502377178988,-1.3734812466983604,-1.3206550449022747,-2.0073956682514438,-1.6376122556787998,-0.9508716323296307,0.15847860538829028,-1.6904384574748965
binance,RSRUSDT,2026-08-19T15:38:08.465000+00:00,SINGLE_GATE_FAIL,m1_prebreakout_setup_not_ready,train,0.001276,1.724137931034475,1.0188087774294585,1.4890282131661436,1.8025078369906078,0.23510971786833146,-1.8808777429467072,-2.507836990595602,2.2727272727272707,0.0
binance,BMNRBUSDT,2026-08-19T15:38:57.255000+00:00,SINGLE_GATE_FAIL,m1_prebreakout_setup_not_ready,train,20.72,0.7722007722007707,0.4826254826254983,0.28957528957529455,0.09652509652509078,-0.28957528957528345,0.4343629343629418,0.33783783783782884,0.8687258687258614,-0.3861003861003742
binance,CRCLBUSDT,2026-08-19T15:40:55.072000+00:00,SINGLE_GATE_FAIL,m1_prebreakout_setup_not_ready,train,80.3,0.7098381070983928,0.24906600249066102,-0.36114570361144294,-0.4358655043586457,-0.36114570361144294,0.08717310087174024,0.24906600249066102,0.7222914072229081,-0.6102117061021151
binance,RSRUSDT,2026-08-19T15:41:40.882000+00:00,SINGLE_GATE_FAIL,m1_prebreakout_setup_not_ready,train,0.001299,-1.000769822940728,-0.15396458814472824,-0.07698229407236967,-0.2309468822170868,-3.387220939183988,-3.9260969976905313,-4.541955350269444,0.4618937644341736,-1.2317167051578148
binance,COINBUSDT,2026-08-19T15:43:17.270000+00:00,SINGLE_GATE_FAIL,m1_prebreakout_setup_not_ready,train,163.9,-0.28676021964612053,-0.48200122025624514,-0.4514948139109243,-0.957901159243435,-0.2196461256864013,-0.09151921903599591,0.4270896888346476,0.3294691885295853,-1.0372178157413203
binance,RSRUSDT,2026-08-19T15:46:19.826000+00:00,SINGLE_GATE_FAIL,m1_prebreakout_setup_not_ready,train,0.001293,0.3866976024748503,0.23201856148491462,-1.0827532869296275,-2.9389017788089777,-3.480278422273786,-4.021655065738605,-3.402938901778829,0.46403712296982924,-2.706883217324063
binance,CRCLBUSDT,2026-08-19T15:46:19.826000+00:00,SINGLE_GATE_FAIL,m1_prebreakout_setup_not_ready,train,80.48,-0.3230616302186906,-0.8200795228628377,-1.1555666003976173,-0.3230616302186906,0.03727634194832241,0.22365805168984565,-0.07455268389662262,0.0,-1.1555666003976173
binance,MSTRBUSDT,2026-08-19T15:46:19.826000+00:00,SINGLE_GATE_FAIL,m1_prebreakout_setup_not_ready,train,105.4,0.15180265654648473,0.0948766603415585,-0.5028462998102445,0.11385199240985244,0.34155597722960174,0.4174573055028441,0.7400379506641297,0.2941176470588225,-0.6072106261859611
binance,RSRUSDT,2026-08-19T15:53:04.673000+00:00,SINGLE_GATE_FAIL,m1_prebreakout_setup_not_ready,train,0.001294,-3.0139103554868596,-3.2457496136012343,-3.47758887171562,-3.9412673879443583,-3.863987635239563,-4.1731066460587325,-3.3230293663060295,0.0,-3.6321483771251883
binance,PUMPUSDT,2026-08-19T15:53:04.673000+00:00,SINGLE_GATE_FAIL,m1_prebreakout_setup_not_ready,train,0.003102,-0.29013539651838727,-0.4835589941972973,-0.5480335267569303,-0.22566086395874319,-0.22566086395874319,-0.5157962604771082,0.6769825918762074,0.9671179883945724,-0.8704061895551285
binance,REUSDT,2026-08-19T15:54:04.989000+00:00,SINGLE_GATE_FAIL,m1_prebreakout_setup_not_ready,train,0.4597,-0.32629976071351097,0.5003262997607116,0.6961061561888249,1.5879921688057408,2.153578420709157,3.371764194039595,3.7415705895148976,1.6097454861866423,-0.5003262997607227
binance,HEMIUSDT,2026-08-19T15:54:04.989000+00:00,SINGLE_GATE_FAIL,extreme_24h_range,train,0.00905,0.33149171270716593,0.11049723756906271,0.6629834254143541,-0.6629834254143763,0.33149171270716593,-0.9944751381215644,-2.541436464088409,1.6574585635358963,-1.5469613259668669
binance,MSTRBUSDT,2026-08-19T15:57:52.844000+00:00,SINGLE_GATE_FAIL,m1_prebreakout_setup_not_ready,train,105.51,0.3411998862667076,-0.028433323855558967,0.04738887309259088,0.09477774618518175,0.05686664771109573,0.3885887593592985,1.1657662780778955,0.46441095630744833,-0.07582219694814984
binance,CRCLBUSDT,2026-08-19T15:57:52.844000+00:00,SINGLE_GATE_FAIL,m1_prebreakout_setup_not_ready,train,80.23,0.17449831733764576,0.44870995886825416,0.33653246915119617,0.37392496572354883,0.19942664838588087,0.44870995886825416,0.822634924591803,0.6979932693506274,-0.21189081391000952
binance,PUMPUSDT,2026-08-19T15:58:32.716000+00:00,SINGLE_GATE_FAIL,m1_prebreakout_setup_not_ready,train,0.00309,-0.1941747572815511,0.16181229773464256,0.4854368932038833,0.16181229773464256,-0.12944983818768963,0.3883495145631244,0.9708737864077666,0.8090614886731462,-0.4854368932038833
binance,REUSDT,2026-08-19T16:01:52.995000+00:00,SINGLE_GATE_FAIL,lob_pattern_blocked_momentum_continuation,train,0.4617,1.1479315572882953,0.7580680095299996,1.7110677929391471,2.165908598657129,3.140567468052846,2.923976608187129,6.346112194065401,2.2308858566168377,-0.021659085986569515
binance,BMNRBUSDT,2026-08-19T16:01:52.995000+00:00,SINGLE_GATE_FAIL,m1_prebreakout_setup_not_ready,train,20.81,0.0,-0.048053820278703974,-0.09610764055741905,-0.4324843825084135,-0.048053820278703974,-0.1922152811148492,0.09610764055743015,0.33637674195099443,-0.4324843825084135
binance,MSTRBUSDT,2026-08-19T16:02:30.142000+00:00,SINGLE_GATE_FAIL,lob_pattern_blocked_momentum_continuation,train,105.79,-0.21741185367237792,-0.17014840722185953,-0.23631723225258083,-0.20795916438227646,0.12288496077133004,0.264675300122863,0.3781075716041027,0.1985064750921639,-0.5482559788259844
binance,CRCLBUSDT,2026-08-19T16:02:30.142000+00:00,SINGLE_GATE_FAIL,m1_prebreakout_setup_not_ready,train,80.59,-0.11167638664847379,-0.07445092443231216,-0.11167638664847379,-0.2481697481077072,0.0,0.1240848740538425,0.3846631095669517,0.2481697481077072,-0.4963394962154144
binance,PUMPUSDT,2026-08-19T16:05:28.985000+00:00,SINGLE_GATE_FAIL,m1_prebreakout_setup_not_ready,train,0.003103,-0.2578150177247718,-0.7734450531743375,-0.5478569126651567,-0.2900418949403738,0.09668063164678387,0.9023525620367456,0.7734450531743597,0.38672252658717987,-1.1923944569771083
binance,MSTRBUSDT,2026-08-19T16:09:53.149000+00:00,SINGLE_GATE_FAIL,m1_prebreakout_setup_not_ready,train,105.7,-0.12298959318828295,-0.22705771050143264,0.20813623462629938,0.22705771050142154,0.302743614001888,0.6906338694418146,0.16083254493850507,0.46357615894039306,-0.46357615894040416
binance,BMNRBUSDT,2026-08-19T16:10:28.944000+00:00,SINGLE_GATE_FAIL,m1_prebreakout_setup_not_ready,train,20.78,-0.04812319538017862,0.048123195380167516,0.336862367661217,-0.04812319538017862,0.2887391722810273,0.24061597690085978,-0.5293551491818982,0.43310875842155205,-0.43310875842156316
binance,COINBUSDT,2026-08-19T16:10:28.944000+00:00,SINGLE_GATE_FAIL,m1_prebreakout_setup_not_ready,train,164.22,0.23139690658871004,0.0,0.4384362440628342,0.45061502862013825,0.7002801120448154,0.5541346973572114,0.3531847521617504,0.45670442089880137,-0.07916209962245402
binance,MSTRBUSDT,2026-08-19T16:12:53.371000+00:00,SINGLE_GATE_FAIL,m1_prebreakout_setup_not_ready,train,105.22,0.6367610720395378,0.6652727618323473,0.7888234176012254,0.807831210796417,1.4445922828359548,0.9218779699676771,0.7032883482227748,0.9218779699676771,0.0
binance,BOMEUSDT,2026-08-19T16:13:29.091000+00:00,SINGLE_GATE_FAIL,m1_prebreakout_setup_not_ready,train,0.000852,-0.8568075117370899,-0.10563380281689572,0.8215962441314506,0.6103286384976592,2.417840375586855,2.8051643192488207,2.2065727699530635,1.0680751173708813,-1.0093896713615047
binance,CRCLBUSDT,2026-08-19T16:14:05.234000+00:00,SINGLE_GATE_FAIL,m1_prebreakout_setup_not_ready,train,80.2,0.4862842892768171,0.5361596009974878,0.5735660847880242,0.46134663341643734,1.022443890274305,1.022443890274305,0.4987531172069737,0.6234413965087171,-0.24937655860349794
binance,COINBUSDT,2026-08-19T16:14:42.226000+00:00,SINGLE_GATE_FAIL,m1_prebreakout_setup_not_ready,train,164.6,0.07897934386391636,0.21871202916161625,0.2430133657351119,0.20656136087484622,0.5710814094775252,0.583232077764273,0.06682867557716854,0.26731470230862975,-0.23086269744835297
binance,BMNRBUSDT,2026-08-19T16:17:04.820000+00:00,SINGLE_GATE_FAIL,m1_prebreakout_setup_not_ready,train,20.79,-0.09620009620009418,-0.09620009620009418,0.19240019240018835,0.19240019240018835,0.0,-0.09620009620009418,-0.5772005772005651,0.3848003848003989,-0.240500240500241
binance,MSTRBUSDT,2026-08-19T16:17:04.820000+00:00,SINGLE_GATE_FAIL,m1_prebreakout_setup_not_ready,train,105.93,0.11328235627299232,0.13216274898517621,0.08496176720473869,0.7646559048428037,0.24544510525819074,0.5286509959407049,0.14160294534124596,0.7552157084867339,-0.2171245161899371
binance,MSTRBUSDT,2026-08-19T16:18:28.732000+00:00,BUY,,train,105.94,0.009439305267133768,0.25486124221256734,0.651312063432119,0.6135548423636061,0.3303756843496375,0.4436473475552205,0.13215027373985055,0.7929016424391255,-0.22654332641116603
binance,NIGHTUSDT,2026-08-19T16:21:05.700000+00:00,SINGLE_GATE_FAIL,m1_prebreakout_setup_not_ready,train,0.01896,0.5801687763713037,0.3164556962025111,0.21097046413500742,-0.42194092827004814,-0.10548523206752591,-0.10548523206752591,-0.31645569620253333,0.6329113924050667,-0.15822784810127777
binance,MSTRBUSDT,2026-08-19T16:23:18.613000+00:00,SINGLE_GATE_FAIL,m1_prebreakout_setup_not_ready,train,106.16,0.442727957799538,0.4050489826676884,0.15071590052750938,0.12245666917860554,0.23549359457422092,-0.3673700075357944,-0.47098718914845294,0.5840241145440794,-0.13187641296157349
binance,NIGHTUSDT,2026-08-19T16:24:29.317000+00:00,SINGLE_GATE_FAIL,m1_prebreakout_setup_not_ready,train,0.01901,-0.15781167806416807,-0.10520778537611575,-0.9468700683850639,-0.6312467122566945,-0.7364544976328102,-0.31562335612833614,-0.4208311415044741,0.36822724881642177,-0.9994739610731163
binance,COINBUSDT,2026-08-19T16:25:04.980000+00:00,SINGLE_GATE_FAIL,m1_prebreakout_setup_not_ready,train,165.04,0.3393116820164854,0.05453223460978318,0.23024721279689686,0.1030053320407287,-0.14541929229276995,-0.19995152690256424,-0.14541929229276995,0.44231701405721413,0.0
binance,PUMPUSDT,2026-08-19T16:25:41.600000+00:00,SINGLE_GATE_FAIL,m1_prebreakout_setup_not_ready,train,0.003127,-0.22385673169171838,-0.22385673169171838,0.12791813239527716,0.0,0.12791813239527716,0.44771346338343676,0.8954269267668735,0.3197953309881596,-0.44771346338343676
binance,PUMPUSDT,2026-08-19T16:33:41.136000+00:00,SINGLE_GATE_FAIL,m1_prebreakout_setup_not_ready,train,0.00313,0.0958466453674145,0.06389776357826893,0.575079872204487,0.41533546325878135,0.8626198083067083,1.4057507987220497,1.4057507987220497,0.8945686900958538,-0.3833865814696469
binance,MSTRBUSDT,2026-08-19T16:35:57.029000+00:00,SINGLE_GATE_FAIL,m1_prebreakout_setup_not_ready,train,106.42,-0.009396729937982684,-0.460439766961096,-0.6107874459688079,-0.516820146588981,-0.49802668671302674,-0.32888554782936064,-1.8605525277203605,0.12215748919375269,-0.7893253147904566
binance,CRCLBUSDT,2026-08-19T16:35:57.029000+00:00,SINGLE_GATE_FAIL,m1_prebreakout_setup_not_ready,train,81.05,-0.39481801357186264,-0.41949413942011793,-0.5675508945095498,-0.39481801357186264,-0.604565083281916,-0.4688463911165841,-2.344231955582965,0.07402837754473257,-0.6292412091301602
binance,PUMPUSDT,2026-08-19T16:37:05.922000+00:00,SINGLE_GATE_FAIL,m1_prebreakout_setup_not_ready,train,0.003134,-0.09572431397575354,0.7338864071474216,0.15954052329290036,0.0,1.403956604977652,0.7019783024888371,0.638162093171668,0.7977026164645684,-0.2871729419272495
binance,PUMPUSDT,2026-08-19T16:42:41.451000+00:00,SINGLE_GATE_FAIL,m1_prebreakout_setup_not_ready,train,0.003147,-0.19065776930409228,-0.41309183349221845,0.8261836669844369,0.9850651414045064,0.2859866539561384,1.0803940260565525,1.6841436288528744,1.1121703209405753,-0.6037496027963107
binance,BROCCOLI714USDT,2026-08-19T16:42:41.451000+00:00,SINGLE_GATE_FAIL,m1_prebreakout_setup_not_ready,train,0.01732,-0.17321016166280678,0.11547344110856006,1.0392609699769295,1.0392609699769295,1.67436489607391,0.8083140877598316,0.05773672055429113,1.501154734411081,-0.4041570438798936
binance,PUMPUSDT,2026-08-19T16:43:29.194000+00:00,BUY,,train,0.003157,-0.6335128286347858,0.0,0.475134621476081,0.5384859043395585,0.15837820715869366,0.5384859043395585,1.457079505860004,0.823566677225207,-0.9185936015204343
binance_futures,PUMPUSDT,2026-08-19T16:43:29.709867+00:00,BUY,,train,0.003154,-0.6024096385542133,0.03170577045021883,0.5707038681039833,0.6341154090044432,0.25364616360177283,0.5707038681039833,1.4901712111604182,0.856055802155975,-0.9194673430564348
binance,BOMEUSDT,2026-08-19T16:52:57.215000+00:00,SINGLE_GATE_FAIL,m1_prebreakout_setup_not_ready,train,0.0008794,0.875596997953143,1.1939959062997385,1.057539231294058,0.6254264271093879,0.7846258812826967,-0.12508528542187758,-0.3638844666818297,1.4327950875596906,-0.10234250625426045
binance,PUMPUSDT,2026-08-19T16:57:55.226000+00:00,SINGLE_GATE_FAIL,m1_prebreakout_setup_not_ready,train,0.003157,0.3801076971808648,0.7602153943617296,0.475134621476081,-0.0950269242952162,1.3620525815647877,1.55210643015522,0.4117833386126035,0.9185936015204232,-0.25340513145392096
binance,BROCCOLI714USDT,2026-08-19T16:58:43.237000+00:00,SINGLE_GATE_FAIL,m1_prebreakout_setup_not_ready,train,0.01762,-1.3053348467650494,-1.191827468785478,-1.2485811577752637,-0.9648127128263351,-1.0783200908058954,-0.2270147559591429,-2.0431328036322305,0.2837684449489286,-1.53234960272417
binance,ESPUSDT,2026-08-19T17:05:06.145000+00:00,SINGLE_GATE_FAIL,m1_prebreakout_setup_not_ready,train,0.07987,-0.06260172780767626,-0.2879679479153574,0.17528483786153348,0.4757731313384417,0.463252785776902,-0.07512207336921595,0.1627644922999938,0.763741079253788,-0.4632527857768798
binance,PUMPUSDT,2026-08-19T17:05:06.145000+00:00,SINGLE_GATE_FAIL,m1_prebreakout_setup_not_ready,train,0.003181,-0.880226343917001,0.6287331027978738,0.5972964476579801,0.502986482238299,0.5344231373781927,0.0,-1.5089594467148637,0.9430996541967884,-1.0688462747563632
binance,HEMIUSDT,2026-08-19T17:08:18.880000+00:00,SINGLE_GATE_FAIL,extreme_24h_range,train,0.00863,0.0,0.4634994206257348,-0.2317497103128674,-0.6952491309386022,3.0127462340671984,2.8968713789107703,4.055619930475074,1.1587485515643037,-1.6222479721900496
binance,PUMPUSDT,2026-08-19T17:11:05.614000+00:00,SINGLE_GATE_FAIL,m1_prebreakout_setup_not_ready,train,0.0032,0.062499999999987566,0.28124999999998845,-0.4375000000000018,0.0,-0.8750000000000036,-2.156250000000004,-1.968750000000008,0.3437499999999982,-1.0312500000000058
binance,PUMPUSDT,2026-08-19T17:13:18.905000+00:00,SINGLE_GATE_FAIL,buy_pressure_not_confirmed,train,0.0032,0.28124999999998845,-0.4375000000000018,-0.06250000000000977,-0.4062499999999969,-0.9687500000000071,-2.2187500000000138,-2.0312499999999956,0.3437499999999982,-1.0312500000000058
binance,PUMPUSDT,2026-08-19T17:14:06.284000+00:00,BUY,,train,0.003203,0.09366219169528733,-0.9054011863877554,-0.09366219169528733,-0.6556353418670002,-1.1239463003434258,-2.341554792382139,-1.7795816422104371,0.24976584452074402,-1.1239463003434258
binance_futures,PUMPUSDT,2026-08-19T17:14:06.832859+00:00,BUY,,train,0.003201,0.09372071227742307,-0.8747266479225191,-0.09372071227741197,-0.6872852233676952,-1.155888784754755,-2.2805373320837097,-1.7494532958450493,0.3124023742580473,-1.155888784754755
binance,ESPUSDT,2026-08-19T17:16:57.918000+00:00,BUY,,train,0.08025,-0.07476635514018781,0.037383177570093906,-0.4361370716510993,-0.33644859813084516,-0.12461059190032042,-0.685358255451729,-0.5856697819314638,0.26168224299065734,-0.6604361370716516
binance,PUMPUSDT,2026-08-19T17:16:57.919000+00:00,SINGLE_GATE_FAIL,m1_prebreakout_setup_not_ready,train,0.003197,-0.7194244604316502,0.09383797309978625,-0.46918986549890906,-0.7819831091648521,-2.0644354081951866,-2.345949327494523,-1.7516421645292435,0.43791054113229144,-0.9383797309978181
binance_futures,ESPUSDT,2026-08-19T17:16:58.448292+00:00,BUY,,train,0.08017,-0.1621554197330788,0.0,-0.48646625919920305,-0.3617313209429929,-0.24946987651242036,-0.723462641886008,-0.6361481851066664,0.24946987651239816,-0.6860421604091393
binance,PUMPUSDT,2026-08-19T17:20:29.001000+00:00,SINGLE_GATE_FAIL,m1_prebreakout_setup_not_ready,train,0.003175,0.3779527559055307,0.18897637795274314,-0.18897637795275424,-0.598425196850394,-1.3228346456692908,-1.669291338582668,-0.8188976377952795,1.0393700787401539,-0.5039370078740113
binance,PUMPUSDT,2026-08-19T17:24:41.535000+00:00,SINGLE_GATE_FAIL,m1_prebreakout_setup_not_ready,train,0.003187,-0.5334170065892763,-0.627549419516793,-1.4433636648886083,-1.8512707875745216,-2.008158142453731,-1.2864763100094212,-1.1923438970819045,0.18826482585503346,-1.9140257295262142
binance,BROCCOLI714USDT,2026-08-19T17:24:41.535000+00:00,SINGLE_GATE_FAIL,m1_prebreakout_setup_not_ready,train,0.01736,-0.23041474654379446,-0.8640552995391793,-0.8640552995391793,-0.5184331797234987,-1.1520737327188835,-0.5184331797234987,-0.3456221198156695,0.11520737327188613,-1.440092165898621
binance,PUMPUSDT,2026-08-19T17:28:17.135000+00:00,SINGLE_GATE_FAIL,m1_prebreakout_setup_not_ready,train,0.003169,-1.1991164405175114,-1.2622278321236968,-1.136005048911326,-1.2622278321236968,-1.0728936573051406,-0.631113916061854,-0.9151151782896827,0.22088987062165444,-1.76711896497318
binance,PUMPUSDT,2026-08-19T17:36:45.239000+00:00,SINGLE_GATE_FAIL,m1_prebreakout_setup_not_ready,train,0.003134,-0.35098915124441854,0.09572431397575354,0.38289725590299195,0.2233567326100916,0.51052967453733,0.19144862795150708,-0.2233567326100805,0.8615188257817596,-0.6700701978302526
binance,BROCCOLI714USDT,2026-08-19T17:42:06.500000+00:00,SINGLE_GATE_FAIL,m1_prebreakout_setup_not_ready,train,0.01721,0.17431725740848503,0.8134805345729301,0.8715862870424251,0.9877977919814152,1.045903544450888,-0.17431725740847392,0.46484601975596007,1.162115049389878,-0.17431725740847392
binance,PUMPUSDT,2026-08-19T17:43:57.654000+00:00,SINGLE_GATE_FAIL,m1_prebreakout_setup_not_ready,train,0.003131,0.3193867773874093,0.5748961992973367,0.6068348770360776,0.5110188438198549,0.28744809964866835,-0.2235707441711976,-0.7345895879910525,0.95816033216225,0.0
binance,PUMPUSDT,2026-08-19T17:48:45.206000+00:00,SINGLE_GATE_FAIL,m1_prebreakout_setup_not_ready,train,0.00315,0.0,-0.09523809523809268,-0.31746031746031633,-0.31746031746031633,-0.8253968253968291,-0.9523809523809601,-1.6507936507936471,0.09523809523810378,-0.3809523809523818
binance,PUMPUSDT,2026-08-19T17:59:53.594000+00:00,SINGLE_GATE_FAIL,m1_prebreakout_setup_not_ready,train,0.00314,-0.3821656050955413,-0.6050955414012682,-0.5414012738853557,-0.8598726114649735,-0.9872611464968206,-1.273885350318471,-1.6560509554140124,0.06369426751591245,-0.6687898089172029
binance,ESPUSDT,2026-08-19T17:59:53.594000+00:00,SINGLE_GATE_FAIL,m1_prebreakout_setup_not_ready,train,0.0791,0.18963337547408532,0.10113780025284846,0.37926675094817064,0.42983565107457267,0.7838179519595423,1.4538558786346467,2.14917825537293,0.7458912768647297,-0.05056890012642423
binance,BOMEUSDT,2026-08-19T18:04:42.427000+00:00,SINGLE_GATE_FAIL,m1_prebreakout_setup_not_ready,train,0.000858,-0.03496503496503989,-0.11655011655011815,-0.13986013986014845,-0.13986013986014845,0.10489510489510856,-0.09324009324009896,0.12820512820512775,0.40792540792540244,-0.4895104895104918
binance,ESPUSDT,2026-08-19T18:05:54.979000+00:00,SINGLE_GATE_FAIL,m1_prebreakout_setup_not_ready,train,0.07918,0.2652184895175491,0.17681232634503274,0.4167719120990121,0.8588027279616162,1.8565294266228882,2.5132609244758797,2.753220510229859,0.6819904016165612,-0.012629451881784881
binance,BOMEUSDT,2026-08-19T18:09:29.176000+00:00,SINGLE_GATE_FAIL,m1_prebreakout_setup_not_ready,train,0.0008583,-0.1747640685075158,-0.1747640685075158,0.09320750320400695,0.06990562740301076,-0.12816031690551233,-0.10485844110450504,0.5708959571245398,0.302924385413017,-0.5359431434230455
binance,MEGAUSDT,2026-08-19T18:11:06.605000+00:00,SINGLE_GATE_FAIL,m1_prebreakout_setup_not_ready,train,0.03547,0.1973498731322243,0.36650690724555623,0.9867493656611215,0.28192839018887916,0.5356639413588882,0.789399492528875,-0.2537355511699979,1.3532562729066777,-0.47927826332112566
binance,ESPUSDT,2026-08-19T18:25:43.116000+00:00,SINGLE_GATE_FAIL,m1_prebreakout_setup_not_ready,train,0.08118,-0.6159152500615939,-0.5050505050505194,0.2586844050258774,0.22172949002217113,0.03695491500370629,-0.369549150036963,-0.9361911800936151,0.4188223700418714,-0.8622813500862359
binance,BROCCOLI714USDT,2026-08-19T18:25:43.116000+00:00,SINGLE_GATE_FAIL,m1_prebreakout_setup_not_ready,train,0.01722,0.05807200929150991,0.0,-0.11614401858304202,0.05807200929150991,0.11614401858304202,0.8710801393728262,0.5807200929152101,0.34843205574912606,-0.17421602787455193
binance,BOMEUSDT,2026-08-19T18:26:54.419000+00:00,SINGLE_GATE_FAIL,m1_prebreakout_setup_not_ready,train,0.0008578,-0.046630916297507596,-0.10491956166939209,0.15155047796688859,0.6528328281650619,0.8976451387269657,1.4921893215201765,1.2706924691070265,0.5945441827931885,-0.48962462112380756
binance,ESPUSDT,2026-08-19T18:30:29.220000+00:00,SINGLE_GATE_FAIL,m1_prebreakout_setup_not_ready,train,0.08084,0.6803562592776036,0.643245917862445,0.42058386937160464,0.457694210786741,0.04948045522019662,-0.44532409698169184,-0.47006432459177905,0.8411677387431871,-0.08659079663533298
binance,MEGAUSDT,2026-08-19T18:31:42.339000+00:00,SINGLE_GATE_FAIL,m1_prebreakout_setup_not_ready,train,0.03568,-1.1771300448430555,-1.4293721973094309,-0.9248878923766912,-0.840807174887892,-1.9618834080717629,-3.727578475336335,-3.110986547085226,0.30829596412556004,-1.4573991031390343
binance,ZROUSDT,2026-08-19T18:38:53.446000+00:00,SINGLE_GATE_FAIL,m1_prebreakout_setup_not_ready,validation,0.862,0.0,-0.11600928074245731,-0.34802784222738303,-0.696055684454755,-0.9280742459396807,-0.8120649651972123,-1.39211136890951,0.11600928074246841,-0.696055684454755
binance,BOMEUSDT,2026-08-19T18:51:18.908000+00:00,SINGLE_GATE_FAIL,lob_spoof,validation,0.0008697,-0.034494653328742686,-0.11498217776244601,-0.10348395998620585,0.1494768310911887,0.16097504886740666,0.6209037599172129,0.13797861331492633,0.36794296883981836,-0.21846613774866297
binance,BOMEUSDT,2026-08-19T18:54:06.494000+00:00,SINGLE_GATE_FAIL,m1_prebreakout_setup_not_ready,validation,0.0008699,-0.1264513162432479,-0.1494424646511061,0.1264513162432479,0.08046901942753149,0.7012300264398252,0.18392918726291008,-0.13794689044717146,0.34486722611795084,-0.24140705828256115
binance,BOMEUSDT,2026-08-19T19:11:06.529000+00:00,SINGLE_GATE_FAIL,buy_pressure_not_confirmed,validation,0.0008748,-0.37722908093278384,-0.2629172382258793,-0.3315043438500198,-0.44581618655693545,-0.5029721079103822,-0.6172839506172867,-0.2857796067672669,0.03429355281205915,-0.6630086877000507
binance,ESPUSDT,2026-08-19T19:11:06.529000+00:00,SINGLE_GATE_FAIL,m1_prebreakout_setup_not_ready,validation,0.08026,-0.41116371791676265,-0.037378519810615796,0.09967605282830139,0.07475703962123159,-0.18689259905307898,-0.7600299028158508,-0.8846249688512331,0.27410914527783437,-0.5731373037627718
binance,MSTRBUSDT,2026-08-19T19:11:06.529000+00:00,SINGLE_GATE_FAIL,m1_prebreakout_setup_not_ready,validation,104.38,-1.1879670434949197,-0.9580379383023585,-0.6610461774286258,-0.9197164207702557,-0.8143322475569925,-1.025100593983519,-0.047901896915114595,0.13412531136232086,-1.513699942517721
binance,BOMEUSDT,2026-08-19T19:12:17.715000+00:00,SINGLE_GATE_FAIL,m1_prebreakout_setup_not_ready,validation,0.0008746,-0.21724216784815287,-0.16007317630917228,-0.5945575120054891,-0.297278756002739,-0.4459181340041196,-0.5145209238509141,-0.3430139492339279,0.057168991538980585,-0.640292705236678
binance,MSTRBUSDT,2026-08-19T19:15:57.589000+00:00,SINGLE_GATE_FAIL,m1_prebreakout_setup_not_ready,validation,103.28,0.396979085979865,0.41634391944227467,0.18396591789311412,0.13555383423702327,-0.019364833462431896,0.2614252517428417,0.571262587141752,0.4260263361735017,-0.4066615027110809
binance,ESPUSDT,2026-08-19T19:18:09.425000+00:00,SINGLE_GATE_FAIL,m1_prebreakout_setup_not_ready,validation,0.08032,0.0,0.22410358565736477,0.11205179282867128,-0.4606573705179362,-1.0956175298804882,-0.8964143426294813,-1.0084661354581748,0.3112549800796893,-0.5602589641434341
binance,MSTRBUSDT,2026-08-19T19:26:42.244000+00:00,SINGLE_GATE_FAIL,m1_prebreakout_setup_not_ready,validation,103.46,-0.37695727817513847,-0.14498356852888916,-0.04832785617630009,0.028996713705775612,0.840904697467626,0.39628842064567404,0.5606031316450988,0.2513048521167738,-0.37695727817513847
binance,BOMEUSDT,2026-08-19T19:29:21.742000+00:00,SINGLE_GATE_FAIL,m1_prebreakout_setup_not_ready,validation,0.0008704,-0.03446691176470784,-0.04595588235294379,0.16084558823530326,0.03446691176469674,-0.2182904411764719,0.12637867647058432,-0.09191176470588758,0.2872242647058876,-0.20680147058823595
binance,BOMEUSDT,2026-08-19T19:33:54.317000+00:00,SINGLE_GATE_FAIL,m1_prebreakout_setup_not_ready,validation,0.00087,0.26436781609195936,0.17241379310344307,0.26436781609195936,0.25287356321839205,0.13793103448276334,-0.08045977011493788,0.9885057471264336,0.33333333333334103,-0.06896551724138167
binance,BOMEUSDT,2026-08-19T19:37:07.035000+00:00,SINGLE_GATE_FAIL,m1_prebreakout_setup_not_ready,validation,0.0008722,0.022930520522823628,-0.06879156156843758,-0.4242146296720817,-0.12611786287548554,-0.04586104104562505,-0.3439578078422323,1.0204081632653184,0.06879156156844868,-0.6535198349002513
binance,ESPUSDT,2026-08-19T19:38:54.878000+00:00,SINGLE_GATE_FAIL,m1_prebreakout_setup_not_ready,validation,0.07952,0.03772635814889291,0.17605633802817433,0.15090543259559386,-0.012575452716290236,0.01257545271631244,-0.23893360160964772,-1.031187122736399,0.25150905432596016,-0.025150905432580473
binance,MSTRBUSDT,2026-08-19T19:42:05.956000+00:00,SINGLE_GATE_FAIL,m1_prebreakout_setup_not_ready,validation,104.3,-0.4122722914669197,-0.3835091083413178,-0.16299137104506256,-0.24928092042184602,0.11505273250240755,-0.13422818791946067,0.5369127516778649,0.18216682646212679,-0.45062320230104813
binance,BOMEUSDT,2026-08-19T19:44:30.766000+00:00,SINGLE_GATE_FAIL,m1_prebreakout_setup_not_ready,validation,0.0008719,-0.0917536414726472,-0.0458768207363236,-0.011469205184078124,-0.21791489849752876,-0.26379171923385236,1.1125129028558334,1.318958596169284,0.08028443628855797,-0.619337079940363
binance,ESPUSDT,2026-08-19T19:44:30.766000+00:00,SINGLE_GATE_FAIL,m1_prebreakout_setup_not_ready,validation,0.07962,0.037678975131871795,-0.22607385079125297,-0.12559658377292449,0.025119316754596,-0.42702838482792105,-1.2182868625973398,-1.142928912333574,0.1255965837729356,-0.35167043456417746
binance,MSTRBUSDT,2026-08-19T19:49:19.541000+00:00,SINGLE_GATE_FAIL,m1_prebreakout_setup_not_ready,validation,103.92,0.11547344110856006,0.37528868360277023,0.11547344110856006,0.38491147036181506,0.5773672055427115,0.8949191685912128,1.1162432640492659,0.548498845265577,0.0
binance,BROCCOLI714USDT,2026-08-19T19:49:19.541000+00:00,SINGLE_GATE_FAIL,m1_prebreakout_setup_not_ready,validation,0.01724,0.17401392111369152,0.11600928074246841,0.29002320185615993,0.11600928074246841,0.05800464037124531,-0.058004640371223104,0.05800464037124531,0.34802784222738303,-0.17401392111368041
binance,INJUSDT,2026-08-19T19:50:58.073000+00:00,SINGLE_GATE_FAIL,m1_prebreakout_setup_not_ready,validation,4.521,0.7078080070780812,0.37602300376022857,-0.02211900022119906,0.6193320061933294,0.37602300376022857,-0.04423800044237591,1.3050210130502116,0.7299270072992803,-0.08847600088475183
binance,INJUSDT,2026-08-19T19:51:58.015000+00:00,BUY,,validation,4.54,0.17621145374449032,0.1541850220264207,0.08810572687223406,-0.11013215859030367,-0.37444933920706136,-0.19823788546255994,0.1321585903083733,0.3083700440528636,-0.5066079295154124
binance,BOMEUSDT,2026-08-19T19:51:58.016000+00:00,SINGLE_GATE_FAIL,m1_prebreakout_setup_not_ready,validation,0.0008726,-0.29796011918403753,-0.42402016960806366,-0.3438001375200561,0.18336007334402993,1.5012606005042395,0.6646802658721196,0.9282603713041571,0.0,-0.4584001833600748
binance_futures,INJUSDT,2026-08-19T19:51:58.591499+00:00,BUY,,validation,4.535,0.1984564498346053,0.13230429988975168,0.15435501653802142,-0.022050716648303048,-0.35281146637266003,-0.15435501653805472,0.13230429988975168,0.330760749724357,-0.3969128996692328
binance,MSTRBUSDT,2026-08-19T19:53:08.947000+00:00,SINGLE_GATE_FAIL,m1_prebreakout_setup_not_ready,validation,104.05,-0.009610764055734133,0.24026910139356428,0.25949062950503254,0.2498798654493095,0.7400288322921611,0.7496395963479063,1.508889956751558,0.42287361845265714,-0.07688611244593968
binance,INJUSDT,2026-08-19T19:54:07.229000+00:00,SINGLE_GATE_FAIL,m1_prebreakout_setup_not_ready,validation,4.552,-0.28558875219683033,-0.17574692442882123,-0.3734622144112354,-0.35149384885764245,-0.746924428822493,-0.1537785588752172,-0.2196836555360182,0.0,-0.7688927943760859
binance,INJUSDT,2026-08-19T19:55:29.895000+00:00,BUY,,validation,4.546,-0.5719313682358229,0.06599208095028342,-0.13198416190057793,-0.1759788825341002,-0.593928728552573,0.1099868015838057,-0.30796304443467815,0.06599208095028342,-0.6379234491860952
binance_futures,INJUSDT,2026-08-19T19:55:30.431545+00:00,BUY,,validation,4.543,-0.5062733876293302,0.11005943209332347,-0.11005943209332347,-0.17609509134932644,-0.6163328197226647,0.11005943209332347,-0.30816640986133237,0.11005943209332347,-0.5723090468853109
binance,INJUSDT,2026-08-19T19:56:05.482000+00:00,SINGLE_GATE_FAIL,buy_pressure_not_confirmed,validation,4.536,0.17636684303350414,-0.022045855379171364,0.08818342151677427,-0.2865961199294498,-0.11022927689594564,0.793650793650813,-0.15432098765431057,0.286596119929472,-0.4188712522045668
binance,BOMEUSDT,2026-08-19T19:57:53.402000+00:00,SINGLE_GATE_FAIL,m1_prebreakout_setup_not_ready,validation,0.0008689,0.3452641270571988,0.7710898837610669,1.8414086776383787,1.404074116699272,0.8746691218782354,0.9552307515249048,2.336287259753722,2.152146391989862,0.0
binance,MSTRBUSDT,2026-08-19T19:57:53.402000+00:00,SINGLE_GATE_FAIL,m1_prebreakout_setup_not_ready,validation,104.14,0.17284424812751276,0.019204916458614996,0.5185327443825605,0.6529671595928432,0.6913769925100732,0.6721720760514804,1.4211638179373987,0.5185327443825605,0.0
binance,WLDUSDT,2026-08-19T20:00:05.448000+00:00,SINGLE_GATE_FAIL,m1_prebreakout_setup_not_ready,validation,0.364,-0.5769230769230749,-0.49450549450548165,-0.9340659340659418,-0.5219780219780201,-1.4560439560439509,-0.6593406593406681,-0.6043956043956022,0.16483516483516425,-1.0714285714285787
binance,INJUSDT,2026-08-19T20:03:06.910000+00:00,SINGLE_GATE_FAIL,m1_prebreakout_setup_not_ready,validation,4.538,-0.3305420890260202,-0.30850594975760925,-0.4186866460996086,-0.04407227853681084,0.7051564565887958,0.0,0.44072278536799736,0.132216835610377,-0.5288673424416079
binance,MSTRBUSDT,2026-08-19T20:03:42.858000+00:00,SINGLE_GATE_FAIL,m1_prebreakout_setup_not_ready,validation,104.21,0.4510123788504128,0.5853564916994625,0.6141445158813985,0.5949524997601152,0.7197006045485121,1.3530371365512162,1.4202091929757188,0.6621245561846401,0.0
binance,BOMEUSDT,2026-08-19T20:05:06.720000+00:00,SINGLE_GATE_FAIL,m1_prebreakout_setup_not_ready,validation,0.0008815,-0.2722631877481674,-0.6012478729438442,-0.5672149744753274,-0.13613159387407814,-0.4878048780487809,0.02268859897900377,0.317640385706186,0.6920022688599037,-0.7600680657969372
binance,INJUSDT,2026-08-19T20:07:07.269000+00:00,SINGLE_GATE_FAIL,m1_prebreakout_setup_not_ready,validation,4.522,-0.06634232640424509,0.33171163202121434,0.508624502432542,1.0614772224679436,0.4643962848297267,0.08845643520565272,1.1499336576735963,1.1278195488721776,-0.17691287041132764
binance,MSTRBUSDT,2026-08-19T20:18:06.980000+00:00,SINGLE_GATE_FAIL,m1_prebreakout_setup_not_ready,validation,104.92,0.42889820815859014,0.6671749904689328,0.6099885627144586,0.4765535646206631,0.7338924895158083,0.5623332062523856,0.6385817765916846,0.8006099885627282,0.0
binance,INJUSDT,2026-08-19T20:18:42.477000+00:00,SINGLE_GATE_FAIL,m1_prebreakout_setup_not_ready,validation,4.57,-0.5251641137855589,-0.700218818380749,-0.8971553610503391,-0.7877461706783495,-0.26258205689279057,0.1750547045951789,0.15317286652078987,0.3282275711159688,-0.9846827133479175
binance,HEMIUSDT,2026-08-19T20:19:54.920000+00:00,SINGLE_GATE_FAIL,extreme_24h_range,validation,0.0087,0.9195402298850519,0.45977011494253706,1.0344827586206806,0.9195402298850519,0.8045977011494232,1.0344827586206806,2.183908045977012,1.4942528735632177,-0.5747126436781547
binance,BMNRBUSDT,2026-08-19T20:19:54.920000+00:00,SINGLE_GATE_FAIL,m1_prebreakout_setup_not_ready,validation,20.5,0.09756097560975618,0.09756097560975618,-0.048780487804889194,-0.29268292682925745,0.39024390243902474,0.19512195121951237,1.8536585365853675,0.39024390243902474,-0.19512195121951237
binance,BOMEUSDT,2026-08-19T20:22:33.288000+00:00,SINGLE_GATE_FAIL,m1_prebreakout_setup_not_ready,validation,0.0008807,0.11354604292039827,0.9651413648234408,1.2149426592483303,0.8288861133189496,0.94243215623937,1.4874531622572906,3.0884523674350017,1.5669353923015716,-0.11354604292040937
binance,MSTRBUSDT,2026-08-19T20:23:45.722000+00:00,SINGLE_GATE_FAIL,m1_prebreakout_setup_not_ready,validation,105.55,0.00947418285173196,-0.12316437707247108,-0.10421601136901826,0.13263855992420304,-0.03789673140690564,0.19895783988632676,1.0516342965419145,0.19895783988632676,-0.12316437707247108
binance,INJUSDT,2026-08-19T20:23:45.722000+00:00,SINGLE_GATE_FAIL,m1_prebreakout_setup_not_ready,validation,4.544,-0.330105633802813,-0.22007042253520126,0.044014084507049134,0.3080985915492995,0.7482394366197243,0.4401408450704247,0.814260563380298,0.2640845070422726,-0.4401408450704136
binance,BMNRBUSDT,2026-08-19T20:25:33.949000+00:00,SINGLE_GATE_FAIL,m1_prebreakout_setup_not_ready,validation,20.53,-0.3409644422795899,-0.4383828543594759,0.048709206039920794,0.1461276181198068,0.048709206039920794,0.048709206039920794,2.630297126156833,0.2435460301996928,-0.6332196785192479
binance,MSTRBUSDT,2026-08-19T20:26:56.702000+00:00,SINGLE_GATE_FAIL,m1_prebreakout_setup_not_ready,validation,105.56,-0.13262599469495706,-0.11367942402426001,0.028419856006056676,-0.08525956801819223,0.18946570670708152,-0.10420613868890038,1.212580522925344,0.12315270935960854,-0.13262599469495706
binance,BOMEUSDT,2026-08-19T20:29:55.019000+00:00,SINGLE_GATE_FAIL,m1_prebreakout_setup_not_ready,validation,0.000891,-0.33670033670033517,-0.8866442199775393,-0.22446689113354568,-0.3142536475869817,0.16835016835017313,0.37037037037037646,0.7631874298541064,0.16835016835017313,-1.762065095398424
binance,INJUSDT,2026-08-19T20:29:55.019000+00:00,SINGLE_GATE_FAIL,m1_prebreakout_setup_not_ready,validation,4.535,0.35281146637264893,0.7717750826901959,0.8599779492833415,0.8820286659316334,0.6835722160970059,1.3230429988974501,0.11025358324145973,0.9481808158765093,-0.04410143329657279
binance,BOMEUSDT,2026-08-19T20:30:35.949000+00:00,SINGLE_GATE_FAIL,buy_pressure_not_confirmed,validation,0.0008914,-0.11218308279111744,-0.7964998878169149,-0.3365492483733412,-0.23558447386133885,-0.1682746241866706,1.1667040610275903,0.6170069553511404,0.12340139107023251,-1.8061476329369497
binance,MSTRBUSDT,2026-08-19T20:33:43.577000+00:00,SINGLE_GATE_FAIL,m1_prebreakout_setup_not_ready,validation,105.69,-0.2081559277131273,-0.17030939540163548,0.06623143154509403,0.06623143154509403,-0.09461633077868514,0.9177784085533158,1.797710284795162,0.17030939540165768,-0.2081559277131273
binance,INJUSDT,2026-08-19T20:33:43.577000+00:00,SINGLE_GATE_FAIL,m1_prebreakout_setup_not_ready,validation,4.552,0.4393673110720586,0.5711775043936829,0.4833040421792667,0.2636203866432485,0.5492091388400677,0.6370826010545061,0.2636203866432485,0.681019332161692,0.0
binance,BROCCOLI714USDT,2026-08-19T20:36:09.332000+00:00,SINGLE_GATE_FAIL,m1_prebreakout_setup_not_ready,validation,0.01725,0.1159420289855051,0.1159420289855051,-0.3478260869565264,0.0,0.40579710144925674,0.17391304347824654,0.6956521739130306,0.4637681159420204,-0.3478260869565264
binance,MSTRBUSDT,2026-08-19T20:38:05.543000+00:00,SINGLE_GATE_FAIL,m1_prebreakout_setup_not_ready,validation,105.51,0.2369443654629988,0.2369443654629988,0.0,0.07582219694814984,1.0899440811297456,1.4027106435408943,1.9998104445076326,0.3411998862667076,-0.056866647711117935
binance,INJUSDT,2026-08-19T20:38:45.735000+00:00,SINGLE_GATE_FAIL,m1_prebreakout_setup_not_ready,validation,4.575,-0.02185792349727045,-0.24043715846995273,0.19672131147538963,0.0437158469945409,0.13114754098360049,-0.6120218579235059,-0.17486338797814138,0.5027322404371537,-0.2841530054644825
binance,MSTRBUSDT,2026-08-19T20:41:09.341000+00:00,SINGLE_GATE_FAIL,m1_prebreakout_setup_not_ready,validation,105.76,-0.18910741301059186,-0.29311649016641184,-0.16074130105900863,0.7091527987897139,1.0211800302571739,1.0873676248108755,1.125189107413016,1.125189107413016,-0.29311649016641184
binance,WLDUSDT,2026-08-19T20:41:09.341000+00:00,SINGLE_GATE_FAIL,m1_prebreakout_setup_not_ready,validation,0.3643,-0.35684875102938163,-0.13724951962668097,-0.24704913532802575,1.262695580565465,0.4940982706560515,0.6862475981334049,0.9607466373867668,1.4822948119681545,-0.6313477902827436
binance,BOMEUSDT,2026-08-19T20:42:18.679000+00:00,SINGLE_GATE_FAIL,m1_prebreakout_setup_not_ready,validation,0.0008924,-0.28014343343791825,-0.6611385029134942,0.21290900941282054,1.736889287315102,1.2998655311519558,-0.17929179740027168,2.4092335275661236,1.4343343792021512,-1.0645450470640916
binance,INJUSDT,2026-08-19T20:42:57.653000+00:00,SINGLE_GATE_FAIL,m1_prebreakout_setup_not_ready,validation,4.572,-0.06561679790026975,0.3937007874015741,0.6342957130358595,0.5030621172353422,-0.17497812773403787,-0.45931758530183275,0.34995625546807574,0.8311461067366688,-0.21872265966753623
binance,INJUSDT,2026-08-19T20:48:06.799000+00:00,SINGLE_GATE_FAIL,m1_prebreakout_setup_not_ready,validation,4.589,0.021791239921542527,-0.17432991937241793,-0.32686859882328223,-0.9152320767051747,-0.5447809980387963,-0.47940727827413543,-0.6537371976465534,0.4576160383525707,-0.56657223796035
binance,BMNRBUSDT,2026-08-19T20:50:30.166000+00:00,SINGLE_GATE_FAIL,buy_pressure_not_confirmed,validation,20.87,0.7187350263536008,0.9583133684714973,1.2458073790129198,1.5812170579779572,3.4978437949209518,3.3540967896502183,3.3540967896502183,1.4853857211307941,-0.047915668423581526
binance,MSTRBUSDT,2026-08-19T20:57:18.084000+00:00,BUY,,validation,106.83,0.2620986614247034,0.08424599831509116,0.6833286530000926,0.5990826546850236,0.3744266591781287,0.49611532341102826,2.0312646260413736,1.5632313020687016,0.0
binance,BMNRBUSDT,2026-08-19T20:57:18.084000+00:00,SINGLE_GATE_FAIL,m1_prebreakout_setup_not_ready,validation,21.08,0.569259962049351,0.379506641366234,1.3282732447817969,3.747628083491472,2.2770398481973375,1.707779886148031,3.700189753320693,4.127134724857684,0.0
binance,WBETHUSDT,2026-08-19T20:59:30.081000+00:00,SINGLE_GATE_FAIL,m1_prebreakout_setup_not_ready,validation,2454.98,-0.049694905864805516,1.5702775582693285,3.298193875306521,2.3621373697545245,1.8020513405404337,1.7279163170372147,2.8680478048700886,4.8888381982745255,-0.24562318226626356
binance,WBETHUSDT,2026-08-19T21:02:32.086000+00:00,SINGLE_GATE_FAIL,m1_prebreakout_setup_not_ready,validation,2454.41,2.273866224469412,3.3221833353025865,2.1349326314674455,1.5832725583745155,1.5197134953003122,2.0575209520821813,2.472692011522115,4.913197061615637,-0.04644700763115628
binance,TRUMPUSDT,2026-08-19T21:05:41.472000+00:00,SINGLE_GATE_FAIL,m1_prebreakout_setup_not_ready,validation,1.642,1.8879415347137662,1.6443361753958774,2.7405602923264327,1.6443361753958774,2.436053593179044,4.384896467722288,2.8623629719853882,3.1059683313032993,-0.06090133982946666
binance,WBETHUSDT,2026-08-19T21:05:41.472000+00:00,SINGLE_GATE_FAIL,m1_prebreakout_setup_not_ready,validation,2490.98,2.242892355619075,0.6354928582325003,-0.084705617869274,0.41951360508714064,0.4721033488827686,0.4893656311973693,0.9666878096171061,3.372969674585913,-0.682462324065225
binance,ETHUSDT,2026-08-19T21:07:05.551000+00:00,SINGLE_GATE_FAIL,m1_prebreakout_setup_not_ready,validation,2313.82,-1.90637128212221,-2.3264558176522065,-2.256009542661064,-2.4258585369648533,-1.9037781677053611,-1.2196281473926374,-1.6626185269381533,0.8570243147695056,-3.1419903017520956
binance,BMNRBUSDT,2026-08-19T21:07:41.529000+00:00,SINGLE_GATE_FAIL,m1_prebreakout_setup_not_ready,validation,21.94,-1.6864175022789474,-1.7319963536919003,-1.9598906107566094,-2.2789425706472244,-1.7319963536919003,-0.3646308113035679,-0.27347310847767314,0.8204193254329972,-2.415679124886061
binance,HEMIUSDT,2026-08-19T21:10:53.433000+00:00,SINGLE_GATE_FAIL,extreme_24h_range,validation,0.00911,-0.1097694840834218,-0.2195389681668436,-0.2195389681668436,0.2195389681668436,-3.6223929747530192,-3.5126234906696086,-3.9517014270032846,1.4270032930845167,-0.7683863885839859
binance,MUBARAKUSDT,2026-08-19T21:42:22.254000+00:00,SINGLE_GATE_FAIL,extreme_24h_range,validation,0.02093,0.6688963210702337,0.5255613951266058,0.3822264691830002,-0.0955566172957445,0.33444816053511683,0.6211180124223503,-0.04777830864787225,0.8600095556617227,-0.14333492594362784
binance,MSTRBUSDT,2026-08-19T21:48:41.525000+00:00,SINGLE_GATE_FAIL,m1_prebreakout_setup_not_ready,validation,109.22,-0.03662332906060328,-0.09155832265151931,-0.16480498077274808,-0.22889580662882603,-0.8240249038637626,-0.6592199230910034,-1.2085698590001748,0.14649331624243533,-0.3479216260758089
binance,ARBUSDT,2026-08-19T21:54:09.854000+00:00,SINGLE_GATE_FAIL,m1_prebreakout_setup_not_ready,validation,0.0882,0.9070294784580435,1.2471655328798237,1.0204081632652962,0.340136054421758,0.22675736961452753,0.6802721088435382,1.2471655328798237,1.7006802721088343,0.0
binance,ARBUSDT,2026-08-19T22:00:56.741000+00:00,SINGLE_GATE_FAIL,m1_prebreakout_setup_not_ready,validation,0.0893,-0.6718924972004547,-0.5599104143337086,-0.895856662933936,-0.6718924972004547,-0.3359462486002385,0.4479283314669624,0.11198208286673506,0.4479283314669624,-1.007838745800671
binance,ARBUSDT,2026-08-19T22:01:42.430000+00:00,SINGLE_GATE_FAIL,m1_band_width_not_expanding,validation,0.0891,-0.6734006734006814,-0.44893378226711356,-0.7856341189674487,-0.33670033670033517,0.11223344556678949,0.7856341189674598,0.33670033670032407,0.22446689113355678,-0.7856341189674487
binance,ARBUSDT,2026-08-19T22:06:36.190000+00:00,SINGLE_GATE_FAIL,m1_prebreakout_setup_not_ready,validation,0.0888,-0.45045045045044585,0.0,0.0,0.45045045045044585,1.1261261261261257,0.6756756756756577,0.33783783783782884,0.22522522522521182,-0.6756756756756799
binance,MSTRBUSDT,2026-08-19T22:06:36.190000+00:00,SINGLE_GATE_FAIL,m1_prebreakout_setup_not_ready,validation,108.33,0.15692790547401358,-0.018462106526351274,-0.25846949136896225,-0.4523216098956895,-0.544632142527468,-0.6738668882119492,-0.9415674328440815,0.15692790547401358,-0.2769315978953135
binance,ARBUSDT,2026-08-19T22:12:18.511000+00:00,SINGLE_GATE_FAIL,m1_prebreakout_setup_not_ready,validation,0.0888,0.22522522522521182,0.45045045045044585,0.9009009009008917,1.2387387387387205,0.6756756756756577,0.22522522522521182,0.9009009009008917,1.3513513513513375,-0.6756756756756799
binance,ARBUSDT,2026-08-19T22:20:30.754000+00:00,SINGLE_GATE_FAIL,m1_prebreakout_setup_not_ready,validation,0.0896,-0.22321428571429047,-0.11160714285715079,0.22321428571430157,-0.22321428571429047,-0.44642857142856984,0.44642857142855874,-0.22321428571429047,0.44642857142855874,-0.6696428571428603
binance,TRUMPUSDT,2026-08-19T22:23:21.259000+00:00,SINGLE_GATE_FAIL,extreme_24h_range,validation,1.753,-0.3422703936109439,-1.2549914432401499,-0.6845407872218878,0.22818026240729594,-0.7415858528237229,0.17113519680547196,0.17113519680547196,0.3422703936109439,-1.7113519680547529
binance,ARBUSDT,2026-08-19T22:26:45.978000+00:00,SINGLE_GATE_FAIL,m1_prebreakout_setup_not_ready,validation,0.0895,0.4469273743016755,-0.11173184357542443,-0.4469273743016755,-0.4469273743016755,0.4469273743016755,0.22346368715084886,0.22346368715084886,0.5586592178770999,-0.6703910614525022
binance,ARBUSDT,2026-08-19T22:34:17.819000+00:00,SINGLE_GATE_FAIL,m1_prebreakout_setup_not_ready,validation,0.0894,0.3355704697986628,0.8948545861297674,0.5592841163311046,0.8948545861297674,0.0,0.3355704697986628,0.6711409395973256,0.8948545861297674,-0.5592841163310824
binance,METUSDT,2026-08-19T22:43:08.488000+00:00,BUY,,validation,0.1988,-0.25150905432596016,-0.1006036217303885,-0.15090543259557165,-0.1006036217303885,0.3018108651911433,0.2012072434607548,0.6036217303822866,0.15090543259557165,-0.5030181086519092
binance_futures,METUSDT,2026-08-19T22:43:09.263052+00:00,BUY,,validation,0.1986,-0.35246727089627283,-0.2517623363544774,-0.30211480362537513,-0.30211480362537513,0.15105740181269312,0.10070493454179541,0.7552870090634434,0.0,-0.654582074521648
binance,MSTRBUSDT,2026-08-19T22:45:23.660000+00:00,SINGLE_GATE_FAIL,m1_prebreakout_setup_not_ready,validation,107.7,-0.1392757660167221,-0.20427112349117316,-0.3528319405756819,-0.12999071494893544,-0.12999071494893544,0.027855153203337757,0.4271123491179196,0.0,-0.39925719591458186
binance,METUSDT,2026-08-19T22:54:18.967000+00:00,SINGLE_GATE_FAIL,m1_prebreakout_setup_not_ready,validation,0.1985,0.6045340050377712,0.7052896725440627,0.25188916876575096,0.7556675062972307,0.7556675062972307,0.7556675062972307,0.7052896725440627,1.108312342569251,-0.45340050377834507
binance,METUSDT,2026-08-19T22:57:30.379000+00:00,SINGLE_GATE_FAIL,m1_prebreakout_setup_not_ready,validation,0.1995,0.25062656641603454,-0.15037593984963404,-0.15037593984963404,0.25062656641603454,0.25062656641603454,0.2005012531328232,0.25062656641603454,0.6015037593984918,-0.9523809523809601
binance,METUSDT,2026-08-19T23:02:41.889000+00:00,SINGLE_GATE_FAIL,m1_prebreakout_setup_not_ready,validation,0.1991,0.050226017076848706,0.45203415369161615,0.45203415369161615,0.45203415369161615,0.40180813661476744,0.45203415369161615,0.45203415369161615,0.7031642390758375,-0.7533902561526862
binance,METUSDT,2026-08-19T23:09:21.933000+00:00,SINGLE_GATE_FAIL,m1_prebreakout_setup_not_ready,validation,0.1999,0.05002501250626068,0.05002501250626068,0.0,0.0,0.0,-0.2001000500250094,0.05002501250626068,0.4502251125562795,-0.7503751875937992
binance,MSTRBUSDT,2026-08-19T23:18:43.078000+00:00,SINGLE_GATE_FAIL,no_live_buy_tape,validation,108.44,-0.21209885651051197,-0.30431575064551186,-0.08299520472150324,-0.11066027296201542,-0.35042419771301736,-0.3873109553670262,-0.30431575064551186,0.0,-0.3227591294725163
binance,MSTRBUSDT,2026-08-19T23:19:18.430000+00:00,BUY,,validation,108.33,-0.18462106526354605,-0.20308317178989732,0.018462106526340172,-0.08307947936859739,-0.31385581094802717,-0.17539001200036486,-0.3784731837902622,0.027693159789543564,-0.2215452783162486
binance,METUSDT,2026-08-19T23:38:46.573000+00:00,SINGLE_GATE_FAIL,m1_prebreakout_setup_not_ready,holdout,0.2,0.0,0.0,-0.35000000000000586,-0.10000000000000009,-0.10000000000000009,0.0,-0.050000000000005596,0.24999999999999467,-0.6000000000000005
binance,MSTRBUSDT,2026-08-19T23:43:30.989000+00:00,SINGLE_GATE_FAIL,m1_prebreakout_setup_not_ready,holdout,108.26,-0.19397746166636143,-0.1385553297616915,-0.37871790134861305,-0.22168852761870195,-0.1477923517458124,0.3417698134121405,0.1477923517458013,0.0,-0.4710881211897333
binance,METUSDT,2026-08-19T23:52:58.168000+00:00,SINGLE_GATE_FAIL,m1_prebreakout_setup_not_ready,holdout,0.2,0.0,-0.050000000000005596,0.0,0.0,-0.050000000000005596,1.3499999999999845,9.250000000000004,0.20000000000000018,-0.10000000000000009
binance,TRUMPUSDT,2026-08-19T23:55:58.186000+00:00,SINGLE_GATE_FAIL,extreme_24h_range,holdout,1.805,-0.6648199445983383,-2.3268698060941895,-1.7174515235456989,-1.5512465373961226,-3.601108033240996,-2.603878116343483,-0.1108033240997286,0.2216066481994572,-2.7700831024930817
binance,MSTRBUSDT,2026-08-19T23:56:43.067000+00:00,SINGLE_GATE_FAIL,m1_prebreakout_setup_not_ready,holdout,108.06,-0.08328706274292053,0.31464001480658865,0.7866000370164716,0.5459929668702568,0.7218212104386446,0.8791412178419389,0.4812141402924297,0.7866000370164716,-0.09254118082547835
binance,MSTRBUSDT,2026-08-20T00:00:53.819000+00:00,SINGLE_GATE_FAIL,m1_prebreakout_setup_not_ready,holdout,108.07,0.5181826593874339,0.6939946331081748,0.8235402979550388,0.842046821504594,0.6199685389099763,0.7217544184324964,0.24983806791896157,0.8790598686036821,0.0
binance,HEMIUSDT,2026-08-20T00:02:06.080000+00:00,SINGLE_GATE_FAIL,extreme_24h_range,holdout,0.00885,0.0,-0.225988700564983,0.5649717514124353,-0.3389830508474634,0.3389830508474745,0.3389830508474745,0.6779661016949046,1.4689265536723228,-0.5649717514124242
binance,MUBARAKUSDT,2026-08-20T00:10:58.270000+00:00,SINGLE_GATE_FAIL,extreme_24h_range,holdout,0.02053,-0.292255236239658,-0.4870920603994078,-0.5358012664393508,-0.5358012664393508,-1.0716025328787016,-1.6074037993180745,-1.6561130053580175,0.194836824159772,-0.7793472966390658
binance,WBETHUSDT,2026-08-20T00:18:30.370000+00:00,SINGLE_GATE_FAIL,extreme_24h_range,holdout,2499.21,-0.024407712837259954,-0.02720859791693897,0.06121934531311268,-0.0164051840381485,0.10483312726821126,0.4285354171918332,0.32970418652293887,0.32450254280353974,-0.05761820735352696
binance,HEMIUSDT,2026-08-20T00:23:21.156000+00:00,SINGLE_GATE_FAIL,extreme_24h_range,holdout,0.00889,-0.11248593925758943,0.11248593925758943,0.4499437570303799,0.0,-0.11248593925758943,0.0,1.912260967379087,0.6749156355455588,-0.3374578177727794
binance,TRUMPUSDT,2026-08-20T00:32:54.073000+00:00,SINGLE_GATE_FAIL,extreme_24h_range,holdout,1.855,-1.5094339622641506,-2.5336927223719607,-2.9110512129380095,-3.557951482479793,-2.8032345013477067,-3.1805929919137443,-2.318059299191366,0.5390835579514919,-3.719676549865225
binance,HEMIUSDT,2026-08-20T00:51:18.825000+00:00,SINGLE_GATE_FAIL,extreme_24h_range,holdout,0.00895,0.22346368715084886,0.0,-1.1173184357541888,-0.33519553072624,-3.4636871508379796,-5.027932960893844,-4.804469273743017,1.6759776536312998,-1.6759776536312776
binance,TRUMPUSDT,2026-08-20T01:06:05.364000+00:00,SINGLE_GATE_FAIL,extreme_24h_range,holdout,1.821,-1.3728720483250911,-1.9220208676551276,-2.196595277320157,-3.2399780340472195,-1.9220208676551276,-3.349807797913229,-3.6243822075782584,0.05491488193301031,-3.6792970895112576
binance,HEMIUSDT,2026-08-20T01:32:30.221000+00:00,SINGLE_GATE_FAIL,extreme_24h_range,holdout,0.00862,-0.6960556844547439,-0.5800464037122977,-1.5081206496519672,-1.1600928074245842,-0.6960556844547439,-1.044083526682127,-1.1600928074245842,0.23201856148493682,-1.7401392111368819
binance,MSTRBUSDT,2026-08-20T01:33:42.446000+00:00,SINGLE_GATE_FAIL,m1_prebreakout_setup_not_ready,holdout,108.05,0.12956964368349144,0.18509949097640366,0.15733456732993645,0.14807959278111404,0.48125867653863175,0.5738084220268336,0.6200832947709456,0.21286441462287087,0.0
binance,MSTRBUSDT,2026-08-20T01:38:43.045000+00:00,SINGLE_GATE_FAIL,m1_prebreakout_setup_not_ready,holdout,108.22,0.0,-0.009240436148594267,0.2402513398632511,0.3234152652005218,0.4158196266863756,0.3418961374976881,0.3418961374976881,0.40657919053779246,-0.009240436148594267
binance,MSTRBUSDT,2026-08-20T01:42:31.526000+00:00,SINGLE_GATE_FAIL,m1_prebreakout_setup_not_ready,holdout,108.25,0.08314087759815347,0.37875288683602015,0.2863741339491854,0.22170900692839446,0.3140877598152514,0.5357967667436458,0.30484988452654793,0.5173210161662833,-0.03695150115473611
binance,KORUBUSDT,2026-08-20T01:47:54.820000+00:00,SINGLE_GATE_FAIL,m1_prebreakout_setup_not_ready,holdout,21.0,0.6666666666666599,-0.09523809523809268,-0.6190476190476191,-0.14285714285714457,1.1428571428571344,1.1904761904761862,-0.14285714285714457,0.6666666666666599,-0.8571428571428563
binance,MSTRBUSDT,2026-08-20T01:49:30.183000+00:00,SINGLE_GATE_FAIL,m1_prebreakout_setup_not_ready,holdout,108.68,-0.17482517482518833,-0.11041589988959322,-0.08281192491719214,-0.08281192491719214,0.0,-0.23923444976077235,-0.46926757453074064,0.11961722488038617,-0.17482517482518833
binance,MSTRBUSDT,2026-08-20T02:02:30.206000+00:00,SINGLE_GATE_FAIL,m1_prebreakout_setup_not_ready,holdout,108.87,-0.18370533664002764,-0.23881693763204703,-0.38578120694405804,-0.2663727381280512,-0.44089280793607744,-0.6245981445761051,-0.8909708827041452,0.0,-0.4133370074400733
binance,MSTRBUSDT,2026-08-20T02:07:18.954000+00:00,SINGLE_GATE_FAIL,m1_prebreakout_setup_not_ready,holdout,108.55,-0.09212344541685846,0.027637033625049767,-0.02763703362506087,-0.1473975126669691,-0.331644403500686,-0.4606172270842923,-0.6448641179180092,0.09212344541686956,-0.20267157991709084
binance,MSTRBUSDT,2026-08-20T02:12:43.382000+00:00,SINGLE_GATE_FAIL,m1_prebreakout_setup_not_ready,holdout,108.6,-0.17495395948434744,-0.1933701657458542,-0.5340699815837957,-0.377532228360955,-0.5064456721915245,-0.6445672191528473,-0.7182320441988965,0.04604051565377798,-0.5709023941068092
binance,MSTRBUSDT,2026-08-20T02:15:54.242000+00:00,SINGLE_GATE_FAIL,m1_prebreakout_setup_not_ready,holdout,108.52,-0.13822336896424092,-0.4607445632141549,-0.35016586804275107,-0.3685956505713128,-0.4976041282712784,-0.6173977147069687,-0.810910431256906,0.0,-0.4976041282712784
binance,METUSDT,2026-08-20T02:23:30.195000+00:00,SINGLE_GATE_FAIL,extreme_24h_range,holdout,0.2176,-0.045955882352932687,-0.3216911764705732,-1.0110294117646967,-1.4705882352941124,-1.0110294117646967,-0.8272058823529438,0.04595588235294379,0.6433823529411908,-1.3786764705882248
binance,MSTRBUSDT,2026-08-20T02:23:30.195000+00:00,SINGLE_GATE_FAIL,m1_prebreakout_setup_not_ready,holdout,108.21,-0.12013677109323773,-0.17558451159781496,-0.1663432215137206,-0.1663432215137206,-0.32344515294334686,-0.4250993438683959,-0.5914425653821276,0.0,-0.28647999260695833
binance,MUBARAKUSDT,2026-08-20T02:25:42.885000+00:00,SINGLE_GATE_FAIL,extreme_24h_range,holdout,0.02056,-0.14591439688715901,0.14591439688718122,-0.6809338521400643,-0.43774319066147704,0.0,-1.605058365758738,-0.9241245136186738,0.6809338521400754,-0.8268482490272344
binance,METUSDT,2026-08-20T02:49:55.422000+00:00,SINGLE_GATE_FAIL,extreme_24h_range,holdout,0.2167,0.27688047992615594,0.599907706506686,1.0152284263959421,0.969081679741568,1.199815413013372,0.7844946931241381,1.2459621596677461,1.33825565297645,-0.46146746654360804
binance,HEMIUSDT,2026-08-20T03:09:54.795000+00:00,SINGLE_GATE_FAIL,extreme_24h_range,holdout,0.00886,-0.6772009029345272,-0.22573363431149795,-0.11286681715575453,-0.11286681715575453,-0.7900677200903039,-1.1286681715575564,-0.4514672686230292,0.4514672686230181,-1.0158013544018019
binance,METUSDT,2026-08-20T03:56:09.235000+00:00,SINGLE_GATE_FAIL,extreme_24h_range,holdout,0.2224,0.13489208633095107,1.0791366906474975,0.8543165467626013,0.4046762589928088,,,,1.4838129496403063,-0.22482014388489624
